{"type": "FeatureCollection", "features": [{"type": "Feature", "properties": {"name": "Damocles water surface", "description": "Sea bbox minus Greek land. Used for SAR false-positive filtering.", "generated_by": "scripts/build_water_mask.py"}, "geometry": {"type": "MultiPolygon", "coordinates": [[[[30.0, 33.0], [19.0, 33.0], [19.0, 42.0], [19.3, 42.0], [19.3, 39.6], [19.7920515864914, 39.6], [19.831572478777137, 39.576287464628564], [19.831979353277056, 39.576015402103216], [19.832357677840992, 39.57570486160553], [19.832703827137856, 39.57535881891934], [19.833014484159097, 39.57498059003158], [19.83328667200429, 39.57457379935653], [19.83351778240753, 39.57414234500448], [19.83370560073141, 39.57369036142779], [19.870417657995215, 39.471491931747465], [19.881609087364183, 39.457717864831814], [19.928607705952263, 39.45196293194348], [19.929101036123814, 39.45187726557141], [19.9295833245156, 39.451742687368814], [19.9300497344814, 39.451560546957964], [19.93049558861236, 39.45133267094041], [19.930916415644525, 39.45106134457888], [19.931307995299107, 39.45074928887939], [19.931666400605664, 39.450399633303576], [19.93198803728389, 39.450015884384776], [19.932269679788966, 39.4496018905626], [19.93250850365905, 39.44916180358876], [19.932702113840502, 39.44870003689106], [19.932848568706767, 39.44822122131318], [19.932946399530024, 39.44773015867412], [19.932994625210398, 39.44723177361293], [19.93299276211495, 39.446731064201856], [19.932940828927794, 39.44623305182295], [19.93283934646274, 39.44574273081101], [19.93268933244028, 39.445265018367664], [19.932492291281353, 39.44480470524906], [19.9322501990202, 39.44436640772163], [19.931965483487637, 39.443954521267635], [19.931640999963466, 39.44357317650498], [19.920993279559127, 39.43225997357536], [20.104520570777414, 39.37076887084759], [20.11205503113724, 39.37893120290407], [20.08769859784957, 39.43139121306212], [20.0798579352135, 39.44158407448902], [20.03380565949451, 39.434065335596124], [20.033306774987082, 39.43400941996284], [20.032804798036725, 39.434003811833655], [20.032304788818276, 39.43404856774127], [20.031811787670858, 39.43414323652409], [20.03133076428878, 39.43428686387419], [19.93533076428878, 39.46828686387419], [19.934888885449137, 39.468467539812295], [19.93446625158915, 39.46868953378502], [19.934066715450978, 39.468950822089056], [19.9336939192173, 39.46924902281288], [19.933351261309078, 39.4695814175503], [19.933041865405443, 39.46994497618154], [19.932768551968156, 39.47033638449588], [19.93253381253021, 39.47075207440411], [19.93233978698292, 39.47118825646533], [19.932188244068637, 39.4716409544316], [19.89593416249588, 39.6], [20.183480682710858, 39.6], [20.17994545088941, 39.57626344348456], [20.17984599727955, 39.57576861445249], [20.179697163579345, 39.57528633308112], [20.179500466385104, 39.574821513755715], [20.17925791001599, 39.57437889292555], [20.178971966090277, 39.573962980840086], [20.178645548339865, 39.57357801559008], [20.178281982919742, 39.57322791992204], [20.17788497451488, 39.57291626126588], [20.177458568589966, 39.57264621538332], [20.177007110166656, 39.57242053400723], [20.17653519954834, 39.57224151680188], [20.176047645443656, 39.57211098792961], [20.15088814107356, 39.56671966556459], [20.140968940231662, 39.535436032140154], [20.182694449683602, 39.537990655167825], [20.18320487110515, 39.53799580101988], [20.183713157306713, 39.537948879333335], [20.18421401079719, 39.537850379138206], [20.184702211551144, 39.53770132702917], [20.185172671413234, 39.5375032764661], [20.185620487128322, 39.53725829158353], [20.217000000000002, 39.51794782212403], [20.217000000000002, 39.521], [20.217023659682475, 39.521485836437655], [20.217094414817662, 39.52196707498097], [20.217211595787955, 39.5224391612495], [20.21737409360753, 39.52289762747875], [20.217580370417664, 39.52333813480256], [20.21782847404082, 39.523756514315565], [20.21811605645583, 39.524148806527194], [20.21844039601924, 39.52451129883379], [20.218798423222612, 39.524840560654184], [20.21918674974197, 39.52513347589635], [20.21960170050446, 39.525387272447624], [20.22003934846876, 39.52559954840969], [20.220495551790133, 39.525768294829795], [20.22096599301828, 39.525891914713256], [20.221446219957173, 39.5259692381372], [20.221931687800055, 39.525999533322555], [20.22241780214092, 39.52598251355955], [20.22289996245539, 39.52591833992104], [20.223373605639487, 39.5258076197382], [20.265373605639486, 39.5138076197382], [20.265841384543307, 39.513648580747244], [20.266291183394806, 39.51344415106082], [20.26671861016902, 39.513196326816264], [20.267119491291346, 39.51290752787363], [20.267489912390083, 39.51258057418713], [20.267826256517985, 39.51221865826992], [20.268125239469686, 39.51182531402108], [20.268383941850026, 39.51140438221911], [20.268599837580272, 39.51095997301898], [20.268770818563805, 39.51049642581882], [20.268895215270472, 39.51001826688826], [20.26897181303856, 39.50953016517199], [20.26899986393528, 39.50903688670024], [20.268979094059898, 39.50854324805124], [20.268909706218192, 39.508054069320174], [20.26879237794221, 39.50757412705369], [20.26862825487453, 39.50710810760972], [20.268418939581736, 39.50666056139791], [20.259418939581735, 39.489660561397905], [20.259172362095857, 39.489244751455665], [20.258886781642044, 39.48885469739658], [20.2585648678077, 39.48849404542048], [20.258209629822286, 39.48816616687845], [20.257824388427252, 39.48787412675764], [20.25741274483396, 39.48762065503001], [20.256978547059795, 39.487408121132674], [20.25652585395714, 39.48723851181861], [20.256058897271508, 39.48711341258459], [20.255582042083454, 39.48703399285007], [20.255099746004074, 39.48700099502554], [20.254616517505575, 39.487014727572486], [20.229747144962182, 39.48892775622967], [20.270426823495026, 39.45064099996347], [20.270766068500702, 39.45028887945173], [20.271069298438345, 39.44990530725048], [20.271333613507586, 39.44949395147645], [20.271556486052543, 39.44905874594183], [20.271735784733895, 39.44860385253506], [20.271869794910977, 39.448133621420496], [20.27195723503895, 39.447652549437656], [20.271997268924277, 39.447165237097686], [20.27198951372126, 39.44667634458855], [20.271934043593227, 39.44619054720944], [20.271831389003292, 39.44571249066067], [20.271682531641524, 39.44524674661668], [20.271488895037, 39.44479776900695], [20.271252330944534, 39.444369851422806], [20.27097510163628, 39.44396708605773], [20.270659858267518, 39.44359332457348], [20.27030961552355, 39.443252141266505], [20.269927722790158, 39.44294679888681], [20.269517832123253, 39.442680217436134], [20.269083863324155, 39.442454946243856], [20.268629966454345, 39.44227313958767], [20.268160482148264, 39.44213653609209], [20.26767990010365, 39.44204644210198], [20.226431887456982, 39.43638495017008], [20.2465992214771, 39.41547067785292], [20.246918468436938, 39.415105737450055], [20.247200866100943, 39.41471159067743], [20.247443758800138, 39.41429194409316], [20.24764486237042, 39.41385074405573], [20.24780228563286, 39.41339213961239], [20.24791454817835, 39.41292044348151], [20.247980594289377, 39.412440091495746], [20.247999802867994, 39.41195560088746], [20.24797199327664, 39.41147152780864], [20.247897427036843, 39.410992424484824], [20.247776805369877, 39.41052279640595], [20.247611262602476, 39.4100670599567], [20.24740235549961, 39.409629500884826], [20.243171032065877, 39.40177132879361], [20.271664100588676, 39.391714951667915], [20.272098723614683, 39.39153821101197], [20.272514866587272, 39.391321509695494], [20.27290886521053, 39.39106675585534], [20.273277250177898, 39.39077619269523], [20.27361677772072, 39.390452378733414], [20.29461677772072, 39.368452378733416], [20.29494325209119, 39.368074209320355], [20.29523035740825, 39.36766534729416], [20.295475227239756, 39.36722987469437], [20.29567541682862, 39.366772139237945], [20.29582892750105, 39.36629671091212], [20.29593422662111, 39.36580833634801], [20.295990262892413, 39.36531189143078], [20.297863492542202, 39.33534021703416], [20.327675390597342, 39.30832318442169], [20.366162007128604, 39.29330401699485], [20.392469954097933, 39.30176014280642], [20.392922299596584, 39.301882474970796], [20.393384110822765, 39.30196192306685], [20.393851331566392, 39.301997789280954], [20.394319858104176, 39.30198975859067], [20.394785575243674, 39.30193790153167], [20.482785575243675, 39.28793790153168], [20.483263238621454, 39.2878377916641], [20.483728866655568, 39.287691590358], [20.484178023134742, 39.28750069052752], [20.484606428778328, 39.287266910946286], [20.485010002006593, 39.28699247891921], [20.48538489782746, 39.286680009062174], [20.485727544469157, 39.28633247839159], [20.486034677409833, 39.28595319796129], [20.486303370479853, 39.285545781316834], [20.48653106374051, 39.28511411006795], [20.486715587873523, 39.284662296907015], [20.486855184848917, 39.28419464642587], [20.486948524674446, 39.28371561410438], [20.486994718066914, 39.283229763861456], [20.48699332492471, 39.28274172457286], [20.484119737079087, 39.2271856928908], [20.59890090296955, 39.12810109669476], [20.689480694691785, 39.07634121571063], [20.6898887977658, 39.07608103509766], [20.69026983372103, 39.075782616480275], [20.690620232371437, 39.075448755946255], [20.690936710592805, 39.07508258166291], [20.691216303084584, 39.07468752456714], [20.691456390153807, 39.07426728621861], [20.720456390153807, 39.017267286218605], [20.720654348705704, 39.016826756175774], [20.720808881382343, 39.01636918218312], [20.72091854636723, 39.01589883348482], [20.72098232046716, 39.01542009851526], [20.7209996086588, 39.014937443954175], [20.720970249640338, 39.014455373051774], [20.720894517336475, 39.01397838361263], [20.720773118342656, 39.01351092603038], [20.720607185332405, 39.013057361764794], [20.720398266489294, 39.01262192264862], [20.720148311062122, 39.01220867140381], [20.719859651178087, 39.01182146373569], [20.708254023123438, 38.99772891538361], [20.735885609168996, 38.95753751749916], [20.762648568710155, 38.981710513213756], [20.76301308955894, 38.98200978378683], [20.76340418654195, 38.98227337717631], [20.763818379860883, 38.98249894805134], [20.764251984217005, 38.98268448938759], [20.764701141601243, 38.9828283503249], [20.765161855620956, 38.98292925085585], [20.765630027057945, 38.98298629321462], [20.766101490341395, 38.982998969864944], [20.76657205061118, 38.98296716801591], [20.767037521041775, 38.982891170625514], [20.802843519430986, 38.97529595884598], [20.74247140250144, 39.01068651014951], [20.742053995448313, 39.010960067181074], [20.741665937918103, 39.011273871978304], [20.74131109592771, 39.01162479826596], [20.740993004584748, 39.01200934994656], [20.7407148328691, 39.01242369593017], [20.740479352062003, 39.012863708301595], [20.740288908137213, 39.01332500344467], [20.740145398389256, 39.013802985713966], [20.740050252531695, 39.014292893218816], [20.738050252531693, 39.02829289321882], [20.738004615871297, 39.028785203801874], [20.73800782455946, 39.0292796146829], [20.738059847221315, 39.02977129146455], [20.738160175174254, 39.030255426483755], [20.738307827401854, 39.03072728582153], [20.738501360146376, 39.03118225559168], [20.73873888102595, 39.031615887055864], [20.739018067538467, 39.032023940123715], [20.739336189771244, 39.032402424812936], [20.739690137094353, 39.032747640263665], [20.74007644857668, 39.033056210925885], [20.740491346827238, 39.03332511956584], [20.740930774930845, 39.033551736768885], [20.74139043611707, 39.033733846650115], [20.741865835774416, 39.03386966852152], [20.74235232539912, 39.03395787430371], [20.74284514804864, 39.03399760151205], [20.743339484855497, 39.03398846169003], [20.74383050214664, 39.033930544207735], [20.744313398707572, 39.0338244153879], [20.744783452729067, 39.033671112968364], [20.745236067977498, 39.033472135955], [20.75601273475459, 39.02808380256645], [20.77948517989459, 39.05155624770646], [20.786294689945603, 39.0787942879105], [20.774226499018877, 39.08683974852831], [20.773828501727163, 39.087134563581515], [20.77346162542951, 39.08746730904283], [20.773129470176777, 39.08783471977741], [20.772835295312262, 39.08823319049013], [20.772581987488717, 39.08865881110328], [20.772372032342457, 39.08910740512504], [20.772207490102524, 39.08957457063221], [20.772089975374264, 39.09005572346494], [20.77202064129568, 39.090546142209845], [20.772000168221997, 39.0910410145298], [20.77202875704956, 39.09153548438606], [20.772106127244488, 39.09202469968911], [20.77223151959546, 39.09250385991088], [20.772403703663656, 39.09296826319087], [20.772620989856676, 39.09341335247419], [20.772881246008037, 39.09383476022861], [20.7731819182995, 39.09422835130187], [20.77352005632094, 39.094590263498766], [20.773892342021888, 39.09491694547972], [20.77429512227057, 39.095205191609054], [20.774724444701057, 39.09545217341098], [20.819724444701055, 39.11845217341098], [20.820185112083937, 39.11865898935952], [20.82066429039973, 39.11881828598816], [20.821157092273527, 39.11892843855238], [20.821658491377068, 39.1189883235521], [20.82216337369472, 39.118997330190794], [20.822666589683855, 39.11895536660534], [20.823163006797525, 39.11886286080295], [20.82364756183387, 39.118720756295716], [20.82411531257817, 39.11853050247728], [20.82456148821093, 39.11829403983974], [20.824981537967815, 39.118013780181634], [20.825371177555123, 39.117692582008814], [20.825726432847407, 39.11733372137914], [20.826043680421513, 39.11694085848837], [20.842043680421515, 39.09494085848837], [20.84232351430892, 39.09451141872665], [20.842557912295646, 39.094055586413944], [20.84274441108844, 39.0935781519014], [20.84288105076766, 39.093084132558104], [20.842966395384106, 39.092578720043484], [20.842999548049455, 39.092067225748046], [20.842980160361662, 39.09155502497584], [20.84290843606634, 39.091047500455296], [20.84278512891558, 39.09054998577204], [20.842611534746762, 39.090067709318085], [20.84238947786457, 39.089605739346595], [20.836610589952958, 39.07901111150864], [20.84434824787636, 39.08171929178183], [20.84483492325249, 39.08186236528579], [20.845333590668005, 39.08195539086271], [20.845839117380116, 39.081997411007976], [20.84634630004383, 39.08198799321167], [20.846849918269605, 39.081927234410394], [20.847344788356345, 39.08181575998952], [20.847825816646846, 39.0816547173461], [20.848288051956374, 39.081445764078865], [20.848726736534804, 39.08119105092665], [20.84913735503775, 39.080893199631035], [20.84951568100265, 39.08055527595098], [20.84985782035138, 39.08018075810719], [20.85016025147169, 39.079773500981126], [20.86216025147169, 39.061773500981126], [20.862402634090955, 39.0613699816584], [20.862605995780726, 39.06094545698178], [20.86276853412863, 39.06050368955044], [20.862888808543133, 39.06004859478761], [20.862965753021616, 39.05958420623784], [20.863339902686555, 39.05640393408584], [20.863363660335715, 39.05643176832638], [20.863723808785977, 39.056777111479576], [20.864116584012006, 39.05708483931632], [20.898116584012005, 39.08108483931632], [20.898518424969247, 39.08134071254136], [20.898942793392855, 39.08155718125331], [20.899385836912757, 39.081732280372904], [20.899843533628395, 39.08186442036951], [20.90031172861911, 39.08195240169072], [20.90078617166204, 39.08199542565172], [20.90126255581521, 39.08199310168571], [20.901736556515445, 39.08194545088941], [20.948736556515446, 39.07494545088941], [20.949228436634588, 39.07484674565403], [20.949707949405255, 39.074699245559565], [20.95017026730817, 39.07450443557076], [20.950610735934273, 39.07426427694709], [20.951024920843196, 39.07398118749777], [20.95140865220725, 39.073658017240255], [20.95175806679135, 39.07329801970761], [20.952069646846354, 39.07290481919333], [20.952340255524163, 39.07248237426368], [20.952567168458113, 39.07203493790451], [20.952748101190668, 39.0715670147042], [20.952881232172313, 39.07108331550344], [20.9529652211001, 39.07058870996858], [20.95299922241122, 39.07008817756609], [20.95298289379573, 39.06958675743146], [20.95291639964281, 39.069089497637464], [20.952800409385727, 39.068601404372444], [20.952636090762315, 39.06812739154024], [20.952425098058693, 39.06767223128921], [20.95216955545467, 39.0672405059684], [20.95187203563844, 39.0668365619945], [20.951535533905933, 39.06646446609407], [20.941750348269693, 39.056679280457836], [20.956791676196275, 39.03847135717828], [21.032293432063295, 39.02032189663333], [21.032264914079494, 39.020394085517395], [21.032129937390504, 39.02086752917054], [21.03204217451683, 39.02135195179312], [21.032002476293556, 39.02184265705123], [21.0320112275832, 39.02233488770265], [21.0320683435446, 39.02282387171692], [21.032173270455427, 39.023304868538794], [21.03232499108033, 39.02377321504646], [21.03252203453277, 39.02422437075918], [21.032762490534804, 39.02465396185587], [21.03304402793668, 39.02505782357801], [21.033363917316624, 39.02543204060577], [21.033719057441793, 39.02577298501584], [21.03410600533381, 39.0260773514531], [21.034521009647413, 39.02634218917503], [21.034960047038627, 39.02656493065833], [21.035418861169916, 39.02674341649025], [21.07473318438969, 39.03984819089684], [21.08011906469908, 39.0640846522891], [21.080249219740974, 39.06455887360952], [21.08042532930753, 39.06501801587096], [21.080645689882488, 39.06545763776837], [21.080908169907463, 39.065873486818106], [21.081210230400625, 39.06626154049241], [21.081548949516375, 39.06661804512955], [21.081921050808507, 39.06693955224311], [21.082322934923425, 39.06722295187941], [21.082750714416864, 39.0674655027002], [21.083200251357326, 39.0676648584998], [21.083667197352487, 39.06781909090004], [21.084147035611398, 39.067926708003505], [21.084635124635636, 39.06798666882483], [21.085126743116724, 39.06799839336011], [21.085617135605585, 39.067961768197364], [21.086101558512212, 39.06787714761354], [21.08657532599067, 39.06774535014758], [21.087033855265478, 39.0675676506827], [21.087472710961027, 39.0673457681143], [21.08788764800519, 39.067081848723085], [21.08827465269209, 39.06677844541395], [21.16327465269209, 39.00177844541395], [21.163633837683175, 39.00143441751864], [21.163957066715152, 39.00105640687929], [21.16424114151368, 39.00064815382124], [21.164483251226223, 39.00021369791132], [21.164681000234793, 38.999757337987376], [21.16483243186001, 38.99928358962225], [21.16493604772198, 38.99879714044329], [21.16499082256641, 38.99830280374933], [21.164996214409246, 38.99780547088434], [21.164952169899486, 38.99731006283865], [21.164859124847077, 38.996821481556985], [21.164717999910664, 38.99634456143485], [21.145472159322477, 38.94149391575852], [21.181345323656902, 38.87847349192777], [21.181564678257132, 38.87804051768158], [21.18174101840816, 38.87758831497301], [21.181872682399334, 38.87712114505538], [21.181958429518005, 38.876643410222925], [21.18199745174116, 38.876159612326475], [21.181989381349688, 38.87567431035112], [21.18193429439351, 38.875192077455345], [21.181832709974955, 38.87471745787673], [21.181685585357062, 38.87425492411005], [21.181494306943005, 38.873808834761576], [21.181260677211544, 38.87338339347646], [21.180986897731696, 38.87298260932642], [21.18067554841663, 38.872610259030985], [21.180329563212293, 38.872269851368195], [21.1799522024499, 38.871964594110274], [21.17954702212276, 38.87169736379575], [21.179117840377003, 38.87147067862284], [21.17866870153193, 38.87128667471976], [21.17820383796909, 38.87114708601516], [21.17772763024917, 38.87105322789887], [21.177244565832538, 38.87100598482645], [21.176759196792453, 38.87100580198478], [21.176276096919384, 38.871052681096806], [21.1757998186207, 38.87114618040541], [21.175334850021862, 38.87128541883617], [21.174885572673343, 38.871469084300024], [21.1048416254181, 38.904156259685806], [21.089701881128754, 38.86229931959173], [21.089515008529077, 38.861851815188956], [21.089285662059606, 38.8614245193243], [21.08901599924275, 38.86102145168207], [21.08870855686738, 38.86064640402532], [21.088366227124585, 38.860302904525746], [21.087992230400058, 38.859994184573274], [21.08759008497912, 38.85972314837749], [21.087163573949244, 38.85949234564699], [21.086716709611594, 38.85930394760363], [21.08625369573623, 38.85915972655721], [21.085778888016154, 38.85906103923296], [21.085296753092162, 38.85900881400844], [21.084811826533976, 38.859003542180034], [21.084328670172955, 38.85904527334121], [21.083851829187747, 38.85913361491598], [21.083385789346604, 38.859267735851994], [21.08293493480858, 38.859446374438406], [21.082503506880606, 38.859667850175164], [21.023503506880605, 38.89366785017517], [21.023092142419024, 38.89393252359703], [21.022708608799537, 38.894236126467916], [21.022356576787754, 38.89457575303221], [21.02203941565024, 38.894948152754736], [21.02176016090758, 38.895349761431426], [21.021521485281674, 38.89577673530192], [21.021325673115367, 38.896224987837904], [21.021174598509205, 38.896690228854865], [21.02106970738459, 38.89716800557308], [21.021012003644994, 38.89765374523476], [21.021002039567698, 38.8981427988695], [21.02188129972497, 38.92891690437407], [20.92333827296014, 38.948439579487854], [20.90818484806987, 38.925263753185085], [20.907910254825968, 38.924883927600966], [20.907601303123265, 38.92453148218768], [20.90726070764529, 38.924209513797415], [20.90689146112172, 38.92392085148817], [20.906496808032024, 38.923668031665486], [20.906080216096978, 38.92345327579571], [20.90564534580867, 38.92327847088647], [20.90519601826663, 38.923145152906024], [20.90473618160276, 38.923054493287054], [20.904269876290073, 38.92300728863361], [20.867269876290074, 38.92100728863362], [20.866794264844664, 38.92100423448851], [20.866320515019112, 38.92104638514207], [20.865852913596978, 38.92113335918893], [20.865395691727247, 38.921264369633725], [20.86495298663824, 38.921438231012345], [20.864528804201402, 38.921653370118705], [20.864126982683686, 38.92190784024015], [20.863751158016516, 38.92219933877249], [20.863404730895617, 38.92252522805539], [20.8630908360094, 38.9228825592396], [20.862812313674347, 38.92326809896996], [20.862571684134064, 38.923678358642796], [20.862371124754546, 38.92410962597299], [20.862212450321998, 38.92455799858507], [20.862097096621547, 38.92501941932431], [20.85685235977168, 38.95124310357364], [20.820405519712388, 38.91733906630918], [20.82004627733132, 38.91703512996169], [20.819660053171244, 38.91676631164041], [20.81925026813374, 38.91653499234869], [20.818820551806045, 38.91634322094989], [20.818374710312728, 38.916192696020005], [20.817916692603713, 38.916084750802824], [20.81745055547727, 38.91602034140107], [20.81698042764775, 38.91600003830784], [20.816510473176344, 38.91602402135365], [20.816044854588746, 38.916092078113564], [20.815587696006467, 38.91620360578874], [20.81514304661823, 38.916357616545575], [20.780143046618228, 38.93035761654558], [20.77967200015196, 38.93057502353594], [20.7792260169854, 38.9308400699243], [20.778809898583535, 38.93114990221518], [20.77842812488662, 38.931501184747034], [20.77808480607902, 38.931890135604064], [20.77778363833888, 38.932312567332445], [20.777527864045002, 38.9327639320225], [20.771409168524148, 38.94500132306421], [20.761681145735228, 38.90886866699108], [20.808113729037032, 38.871912121097814], [20.8084848987644, 38.87158545403009], [20.808821989201224, 38.87122372432844], [20.80912170389508, 38.870830469395926], [20.809381111895945, 38.87040953492509], [20.80959767641832, 38.869965037290335], [20.80976927964882, 38.86950132329342], [20.80989424345652, 38.869022927655465], [20.809971345803657, 38.86853452867131], [20.80999983269608, 38.868040902459875], [20.809979425556655, 38.867546876257826], [20.80991032394953, 38.86705728121338], [20.809793203628555, 38.86657690514188], [20.80962920992899, 38.866110445705104], [20.80941994656713, 38.8656624644722], [20.809167459957344, 38.86523734231148], [20.80887421919992, 38.86483923654935], [20.8085430919354, 38.86447204031524], [20.80817731630154, 38.864139344470175], [20.807780469267115, 38.86384440249127], [20.8073564316523, 38.86359009865552], [20.806909350177566, 38.863378919834126], [20.806443596912388, 38.86321293117299], [20.805963726520154, 38.863093755897395], [20.752563404102183, 38.85260440685101], [20.734847385821798, 38.810971763892105], [20.774414033293187, 38.766908906480786], [20.80219502948721, 38.777662840491374], [20.802645267250213, 38.77781297196924], [20.803107711345167, 38.777919737895104], [20.80357819508596, 38.777982176293], [20.804052479348147, 38.77799972458422], [20.80452629076405, 38.777972224656196], [20.804995360226407, 38.77789992428714], [20.80545546135362, 38.777783474913505], [20.805902448570045, 38.77762392576047], [20.80633229445822, 38.777422714388265], [20.806741126046436, 38.77718165373956], [20.807125259704797, 38.77690291580458], [20.807481234335192, 38.776589012051176], [20.807805842556313, 38.77624277079618], [20.808096159602595, 38.77586731172182], [20.811970962068933, 38.77033187962705], [20.85679138683663, 38.80783468402451], [20.857170576708928, 38.80812242208416], [20.857575410001047, 38.80837279811299], [20.858002217657848, 38.80858354292152], [20.858447131467752, 38.808752746502975], [20.85890611912084, 38.80887887534399], [20.859375020754175, 38.808960786322984], [20.859849586653166, 38.80899773707043], [20.860325515767276, 38.80898939269704], [20.860798494690968, 38.80893582882893], [20.861264236756657, 38.80883753092219], [20.861718520885315, 38.808695389863125], [20.86215722984264, 38.80851069389407], [20.862576387554075, 38.80828511693787], [20.862972195140458, 38.8080207034269], [20.863341065347758, 38.807719849774124], [20.86367965505881, 38.80738528265411], [20.88667965505881, 38.78238528265411], [20.887015685216376, 38.78197897167543], [20.887307060170762, 38.781539533950436], [20.887550539775628, 38.78107185611238], [20.887743416490252, 38.78058113883009], [20.91792018776475, 38.690050825006594], [20.989424851340413, 38.6687926817814], [20.98989484817813, 38.66862704553488], [20.990346022928495, 38.66841544747664], [20.99077389393929, 38.66815998947277], [20.991174211041223, 38.66786320906317], [20.99154299776613, 38.66752805425543], [20.991876590846395, 38.66715785424135], [20.992171676603306, 38.666756286327185], [21.029171676603305, 38.61075628632718], [21.029430050203526, 38.61031833025995], [21.029642606021195, 38.60985639686812], [21.02980714569832, 38.60937526369656], [21.029921967483734, 38.608879906863855], [21.029985883833415, 38.60837544959673], [21.029998233692687, 38.60786710924314], [21.02995888933317, 38.607360143311844], [21.022125284003714, 38.54664970200855], [21.033907622092645, 38.51719385678622], [21.094462847584584, 38.53675785271438], [21.0949316544748, 38.536884530462466], [21.095410539160326, 38.5369651320142], [21.095894984280697, 38.536998897048214], [21.09638042002339, 38.53698550705604], [21.096862267231252, 38.53692508834661], [21.09733598059809, 38.53681821085482], [21.097797091544937, 38.536665882765256], [21.098241250372535, 38.53646954100189], [21.098664267292428, 38.53623103767349], [21.099062151949592, 38.53595262260247], [21.099431151063804, 38.535636922102185], [21.09976778383465, 38.53528691420261], [21.100068874776234, 38.5349059005584], [21.10033158367177, 38.534497475304065], [21.100553432365643, 38.53406549115019], [21.100732328140015, 38.53361402304048], [21.100866583455655, 38.533147329712484], [21.100954931870607, 38.53266981352454], [21.100996539986667, 38.532185978927956], [21.100991015310896, 38.53170038997613], [21.100938409958037, 38.53121762727146], [21.10083922015891, 38.530742244756084], [21.100694381579434, 38.530278726754204], [21.091148749400645, 38.50424518444842], [21.101480694691784, 38.498341215710624], [21.101889979597868, 38.49808019827017], [21.10227202422228, 38.49778072182114], [21.102623227500438, 38.497445609159506], [21.10294027907117, 38.497078018980005], [21.103220190479448, 38.49668141610295], [21.103460323344837, 38.496259538815664], [21.103658414230292, 38.49581636363623], [21.103812595976777, 38.49535606783175], [21.103921415302683, 38.4948829900444], [21.10398384650212, 38.49440158939639], [21.103999301112992, 38.49391640345928], [21.1039676334637, 38.493432005483896], [21.103889142046206, 38.492952961293916], [21.10376456670252, 38.49248378624949], [21.103595081651125, 38.49202890268645], [21.10338228441906, 38.49159259823243], [21.103128180783983, 38.49117898539267], [21.10283516586821, 38.49079196278648], [21.102506001562805, 38.49043517839975], [21.10214379049465, 38.49011199519988], [21.101751946781803, 38.48982545943724], [21.101334163852798, 38.48957827193189], [21.10089437963324, 38.48937276261629], [21.10043673942783, 38.48921086857389], [21.09757002613776, 38.48835085458687], [21.10725481079392, 38.48583998449083], [21.107737910526556, 38.48568824775388], [21.108203185596143, 38.48548842658723], [21.108645863966824, 38.485242570431836], [21.10906140536298, 38.484953200880746], [21.10944554783599, 38.48462328581676], [21.10979435147638, 38.484256208972674], [21.110104238823023, 38.483855735226456], [21.110372031554903, 38.48342597198726], [21.110594983089193, 38.482971327068256], [21.11077080675123, 38.48249646347849], [21.110897699227493, 38.48200625159728], [21.1109743590611, 38.48150571922177], [21.111, 38.481], [21.111, 38.44109016994375], [21.117763932022502, 38.444472135954996], [21.118212985415862, 38.44466975147905], [21.11867924424607, 38.44482240647793], [21.11915821935734, 38.444928631184176], [21.119645299161107, 38.4449874028627], [21.120135794036543, 38.4449981556578], [21.120624981482404, 38.44496078604121], [21.121108151585418, 38.44487565380884], [21.12158065236749, 38.44474357861673], [21.12203793457512, 38.44456583208928], [21.122475595479738, 38.44434412557607], [21.122889421267363, 38.444080593674904], [21.12327542760931, 38.44377777367985], [21.12362989802347, 38.443438581152044], [21.123949419656707, 38.44306628184862], [21.124230916143933, 38.44266446027987], [21.124471677227444, 38.44223698519744], [21.124669384851387, 38.44178797234588], [21.124822135480077, 38.44132174483611], [21.124928458425295, 38.44084279152236], [21.124987330006125, 38.44035572378333], [21.124998183404998, 38.43986523112368], [21.124960914125023, 38.43937603602333], [21.124875880996086, 38.43889284846926], [21.12474390272003, 38.438420320607555], [21.12456624998816, 38.43796300195247], [21.124344633246988, 38.43752529558347], [21.124081186229986, 38.43711141575228], [21.12377844541395, 38.436725347307906], [21.11077844541395, 38.421725347307905], [21.11044351012539, 38.42137477752181], [21.110076194709137, 38.42105829654699], [21.109679953117595, 38.420778880327745], [21.10925851130273, 38.420539156279865], [21.10881583218009, 38.42034137858441], [21.10835607836455, 38.42018740699111], [21.107883573028325, 38.420078689330715], [21.107402759249133, 38.4200162479007], [21.10691815823092, 38.420000669852385], [21.10643432678992, 38.420032101669776], [21.105955814505858, 38.42011024779218], [21.105487120941188, 38.42023437339341], [21.105032653330653, 38.42040331129152], [21.10459668513904, 38.42061547292412], [21.104183315876792, 38.42086886328596], [21.090672374194217, 38.43008086897863], [21.09173619409211, 38.41412357051021], [21.141016082284164, 38.403895669187335], [21.141493503030702, 38.403771734348986], [21.141956389578453, 38.403601362821746], [21.14240023729303, 38.40338621259598], [21.14282072681868, 38.403128377431194], [21.14321376611258, 38.40283036648033], [21.143575530267036, 38.40249507987169], [21.143902498732025, 38.40212578048598], [21.144191489575825, 38.40172606220321], [21.14443969045036, 38.40129981492843], [21.144644685959896, 38.40085118673665], [21.144804481166744, 38.400384543505425], [21.144917521005226, 38.399904426427725], [21.144982705414982, 38.39941550781885], [21.14499940004633, 38.39892254564721], [21.144967442433522, 38.39843033723163], [21.144887143575787, 38.39794367255567], [21.144759284910823, 38.397467287653335], [21.14458511071012, 38.39700581851981], [21.14436631597022, 38.39656375599576], [21.144105029917622, 38.39614540206414], [21.143803795288, 38.395754827984995], [21.14346554358126, 38.39539583467549], [21.11746554358126, 38.37039583467549], [21.117086611327103, 38.3700664481044], [21.116676555515742, 38.36977672513668], [21.116239510906667, 38.36952958716684], [21.115779884398407, 38.369327526187526], [21.115302310591954, 38.36917257966176], [21.114811605058208, 38.36906630997838], [21.114312715780613, 38.36900978869781], [21.113810673262634, 38.36900358574711], [21.113310539803138, 38.36904776367316], [21.11281735845118, 38.369141877011955], [21.11233610215489, 38.369284976780435], [21.111871623617215, 38.36947562004544], [21.111428606364125, 38.36971188447341], [21.111011517518747, 38.36999138771403], [21.111, 38.370000910086354], [21.111, 38.353], [21.110976419020616, 38.35251497038104], [21.110905898507493, 38.35203451575145], [21.11078910363774, 38.351563167947525], [21.11062713606632, 38.35110537290641], [21.11042152353482, 38.35066544873027], [21.110174205461192, 38.35024754495627], [21.10988751464639, 38.349855603416536], [21.10956415527049, 38.3494933210572], [21.109207177385805, 38.349164115067424], [21.10881994814759, 38.34887109064705], [21.108406120053722, 38.34861701171721], [21.107969596492897, 38.34840427484991], [21.10385451347057, 38.34664066784034], [21.14063127139837, 38.341959989558624], [21.141119758283462, 38.34187300127095], [21.141597218398168, 38.34173802631784], [21.142058949975034, 38.34155639385922], [21.142500406132687, 38.34132989251271], [21.14291723965106, 38.34106075274036], [21.14330534578043, 38.34075162488421], [21.14366090266278, 38.34040555306722], [21.14398040896737, 38.340025945216375], [21.14426071836994, 38.339616539503254], [21.144499070535982, 38.3391813675326], [21.158411259072878, 38.31048747867525], [21.1872531783515, 38.32294194381829], [21.17905971499971, 38.32639182312431], [21.1786081821754, 38.326609190565065], [21.178180675686928, 38.32687066465183], [21.17778148993095, 38.327173618819906], [21.177414634816138, 38.32751500982809], [21.177083795482766, 38.327891408328654], [21.176792295284667, 38.328299033315915], [21.17654306240541, 38.328733790107265], [21.17633860044406, 38.32919131147517], [21.176180963265956, 38.32966700151692], [21.176071734371213, 38.33015608182145], [21.176012010988085, 38.33065363946961], [21.176002393051093, 38.33115467638543], [21.176042977174518, 38.331654159542964], [21.176133355681927, 38.33214707152408], [21.17627262070134, 38.33262846091958], [21.176459373285024, 38.333093492067164], [21.176691737462225, 38.333537493626714], [21.1769673790837, 38.33395600550497], [21.177283529268767, 38.334344823658114], [21.186283529268767, 38.34434482365811], [21.186615659544064, 38.34468052165845], [21.18697797863267, 38.3449833888657], [21.187367254595166, 38.34525072365996], [21.187780015032867, 38.34548014137564], [21.188212578062117, 38.345669595573064], [21.18866108515725, 38.34581739629301], [21.18912153556918, 38.34592222513136], [21.189589822012692, 38.34598314699951], [21.190061767304023, 38.34599961846546], [21.19053316162194, 38.345971492601315], [21.19099980005998, 38.345899020293906], [21.237899573787292, 38.33632763790058], [21.266614771485948, 38.35634126053903], [21.265050252531694, 38.36729289321882], [21.26500437768768, 38.367790816557346], [21.26500846549164, 38.36829083199934], [21.26506247506026, 38.368787938747296], [21.26516586622841, 38.36927716509442], [21.265317604951427, 38.36975361814803], [21.265516173646933, 38.37021253276485], [21.265759586372596, 38.3706493192085], [21.266045408688107, 38.371059609052786], [21.266370782002713, 38.3714392988716], [21.266732452164813, 38.371784591278434], [21.26712680200764, 38.37209203290514], [21.267549887525593, 38.37235854894005], [21.26799747731937, 38.37258147388005], [21.268465094915385, 38.37275857818904], [21.26894806353628, 38.37288809059616], [21.269441552874703, 38.37296871581078], [21.269940627402594, 38.372999647477045], [21.270440295732815, 38.37298057623852], [21.27093556053945, 38.37291169283211], [21.286, 38.370042275792], [21.286, 38.378], [21.286024888100545, 38.37849825855527], [21.286099304635158, 38.378991556826925], [21.286222508769363, 38.37947498391218], [21.286393273976408, 38.37994372717828], [21.286609900247637, 38.380393120173395], [21.28687023101648, 38.38081868908231], [21.287171674627597, 38.381216197264315], [21.28751123013743, 38.38158168742997], [21.287885517189306, 38.38191152103687], [21.288290809665718, 38.382202414512236], [21.288723072782705, 38.382451471941636], [21.2891780032571, 38.38265621389853], [21.332180996516886, 38.39948347213062], [21.33400728863361, 38.433269876290076], [21.33406003590235, 38.4337724990058], [21.334163252189555, 38.43426722950494], [21.334315882988633, 38.43474901338583], [21.334516368950876, 38.43521292851565], [21.334762661816516, 38.43565423531715], [21.335052245340712, 38.43606842519056], [21.335382161000695, 38.436451266575496], [21.33574903822146, 38.436798848182605], [21.33614912881115, 38.437107618953185], [21.33657834525435, 38.43737442433846], [21.33703230247211, 38.43759653852793], [21.337506362621976, 38.4377716922976], [21.337995682480397, 38.4378980961934], [21.3384952629234, 38.43797445881313], [21.339, 38.438], [21.343228440099512, 38.438], [21.304944851619286, 38.4910749749385], [21.304678619686925, 38.49148491109705], [21.3044536875485, 38.49191888417109], [21.304272204899316, 38.49237274664359], [21.30413590618427, 38.492842160912836], [21.304046094021604, 38.4933226407473], [21.30400362675369, 38.493809594160936], [21.304008910243766, 38.49429836729914], [21.304061893997073, 38.49478428891605], [21.30416207164344, 38.495262715018036], [21.3043084857767, 38.495729073246736], [21.304499737104713, 38.496178906577455], [21.304733997822495, 38.49660791591535], [21.305009029080736, 38.4970120011822], [21.305322202382634, 38.49738730050124], [21.305670524704695, 38.497730227105414], [21.30605066710128, 38.49803750361641], [21.30645899651964, 38.49830619336686], [21.306891610521287, 38.49853372846629], [21.30734437457794, 38.49871793434268], [21.307812961585554, 38.498857050525025], [21.308292893218812, 38.4989497474683], [21.322292893218812, 38.500949747468304], [21.32278414962934, 38.500995338688966], [21.323277507657675, 38.50099229301023], [21.323768163744692, 38.5009406400862], [21.324251340638583, 38.50084088283335], [21.32472233390839, 38.50069399253387], [21.32517655774848, 38.50050139937881], [21.32560958962806, 38.50026497854311], [21.326017213350926, 38.499987031928015], [21.363017213350926, 38.471987031928016], [21.36339043614966, 38.47167490717095], [21.36373155597696, 38.471327985875995], [21.36403734287668, 38.47094955293157], [21.364304901449035, 38.47054319159996], [21.36453169826622, 38.47011274958855], [21.36471558586065, 38.46966230261711], [21.36485482305864, 38.469196115826044], [21.381035004255846, 38.40352361567267], [21.416635821579927, 38.39895940832343], [21.41710747529184, 38.39887580746933], [21.417568964758242, 38.39874745717067], [21.418016054496622, 38.398575535407645], [21.41844464118305, 38.39836162005293], [21.41885079131189, 38.39810767439022], [21.41923077729693, 38.39781602909549], [21.41958111168264, 38.39748936084641], [21.419898579151496, 38.39713066775617], [21.420180266033714, 38.39674324185725], [21.42042358704848, 38.396330638887626], [21.420626309031267, 38.395896645656734], [21.420786571429506, 38.39544524529068], [21.420902903378455, 38.39498058067569], [21.42597046182515, 38.36964278844222], [21.47526725669455, 38.37694601731177], [21.475747163025165, 38.37699360325458], [21.476229421493183, 38.376994733804565], [21.476709545657563, 38.37694939844424], [21.477183068932653, 38.376858018927564], [21.47764558614074, 38.376721445356395], [21.47809279449333, 38.376540948271966], [21.478520533619932, 38.37631820683511], [21.47892482427186, 38.37605529320503], [21.47930190534113, 38.37575465326205], [21.47964826884998, 38.37541908385364], [21.4799606925855, 38.37505170677542], [21.48023627007582, 38.37465593972912], [21.48047243762898, 38.37423546452776], [21.480666998182873, 38.37379419284389], [21.480818141744493, 38.373336229819294], [21.480924462228263, 38.372865835874975], [21.480984970536817, 38.37238738707655], [21.480999103762542, 38.37190533442377], [21.480966730424328, 38.37142416244299], [21.480888151690696, 38.370948347467674], [21.48076409857806, 38.37048231599517], [21.48059572515009, 38.3700304035071], [21.47758269507562, 38.363], [21.49, 38.363], [21.490490085701648, 38.36297592363336], [21.49097545161008, 38.36290392640201], [21.49145142338627, 38.362784701678656], [21.491913417161825, 38.362619397662556], [21.49235698368413, 38.36240960632174], [21.492777851165098, 38.36215734806151], [21.493171966420817, 38.36186505226681], [21.49353553390593, 38.36153553390593], [21.493865052266813, 38.36117196642081], [21.49415734806151, 38.360777851165096], [21.49440960632174, 38.36035698368413], [21.494619397662554, 38.35991341716182], [21.49478470167866, 38.35945142338627], [21.494903926402014, 38.35897545161008], [21.49497592363336, 38.358490085701646], [21.494999999999997, 38.358], [21.49497592363336, 38.35750991429835], [21.494903926402014, 38.357024548389916], [21.49478470167866, 38.356548576613726], [21.494619397662554, 38.356086582838174], [21.49440960632174, 38.35564301631587], [21.49415734806151, 38.3552221488349], [21.493865052266813, 38.35482803357918], [21.49353553390593, 38.354464466094065], [21.48444082517041, 38.34536975735855], [21.492236067977498, 38.341472135955], [21.49267411177031, 38.34122482262822], [21.49308508860532, 38.34093474628119], [21.493464838636726, 38.34060484302314], [21.493809518091723, 38.34023845208531], [21.494115638176634, 38.33983928202175], [21.494380100389918, 38.33941137317192], [21.494600227884767, 38.33895905676493], [21.494773792563734, 38.33848691107953], [21.4948990376312, 38.33799971510346], [21.494974695375397, 38.33750240016123], [21.494999999999997, 38.337], [21.494999999999997, 38.31030922442107], [21.517381127265818, 38.30160545270658], [21.597214823907315, 38.355152444356364], [21.597670269324055, 38.35542406543549], [21.598151920347114, 38.35564592311565], [21.598654359201284, 38.355815521865885], [21.599171934282733, 38.35593095398152], [21.599698823730183, 38.355990921042704], [21.715698823730182, 38.3629909210427], [21.71622221514819, 38.362995059602035], [21.716743171481898, 38.362944461158555], [21.717255983972944, 38.36283968018155], [21.717755033105043, 38.36268186488487], [21.718234850183944, 38.36247274464455], [21.71869017726461, 38.36221461104788], [21.76111276589796, 38.335136362984045], [21.777578076235766, 38.36633379309779], [21.777829004501445, 38.3667573169116], [21.778120364297873, 38.36715411268327], [21.77844933132985, 38.367520334074314], [21.778812716756562, 38.367852431118926], [21.779206998102605, 38.368147184635525], [21.828206998102605, 38.401147184635526], [21.82862160085999, 38.401398092487746], [21.829058546317615, 38.40160768462453], [21.829513729806408, 38.40177399213569], [21.829982875329097, 38.40189545272715], [21.830461575728947, 38.40197092539718], [21.83094533409064, 38.4019997011549], [21.83142960598431, 38.40198150968063], [21.831909842155987, 38.40191652186522], [21.83238153126329, 38.40180534820471], [21.832840242255035, 38.401649033065354], [21.878920185670914, 38.38340905546324], [21.956023389436435, 38.416592712780044], [21.956512197277583, 38.416773514749025], [21.957017169944006, 38.416902452965715], [21.957532820959038, 38.41697812652949], [21.958053547826836, 38.4169997132548], [21.95857369290294, 38.41696697860405], [21.959087604864, 38.4168802782359], [22.134087604864, 38.3778802782359], [22.134578479973182, 38.37774430194805], [22.135052973748305, 38.3775590896886], [22.13550616193237, 38.377326563575025], [22.135933341376045, 38.37704913674399], [22.136330078846544, 38.376729688308124], [22.18875686335587, 38.329920059281946], [22.221416370345455, 38.363486774799014], [22.221785329092576, 38.363829607154386], [22.222186905765646, 38.364133582082], [22.222617025733523, 38.364395615274944], [22.22307132474815, 38.36461304799161], [22.223545193226762, 38.36478367403285], [22.224033823023394, 38.36490576212732], [22.224532256215145, 38.36497807349802], [22.22503543540814, 38.36499987443161], [22.225538255052818, 38.36497094372309], [22.379126633991543, 38.34834035492081], [22.392470266589008, 38.37424270055117], [22.37130473151788, 38.387788642996696], [22.370906079226575, 38.38807219472889], [22.37053704506782, 38.388393347377736], [22.370201161809067, 38.38874902654592], [22.369901644863905, 38.38913582731344], [22.36964136151085, 38.389550046832916], [22.369422803444884, 38.38998771977701], [22.369248062924417, 38.390444656298534], [22.369118812742087, 38.39091648213988], [22.369036290211106, 38.39139868050785], [22.36900128532043, 38.39188663531295], [22.36901413317221, 38.39237567535926], [22.369074710773837, 38.392861119061834], [22.369182438215365, 38.39333831926357], [22.369336284220985, 38.39380270772246], [22.36953477602145, 38.39424983884343], [22.369776013452885, 38.39467543223608], [22.37005768714711, 38.39507541369086], [22.370377100639203, 38.39544595418158], [22.370731196180813, 38.39578350652064], [22.371116584012007, 38.39608483931633], [22.402564418573782, 38.41828331077169], [22.397064472611262, 38.452199644207234], [22.39700946337779, 38.4526925195578], [22.397003551468188, 38.453188419927116], [22.397046795044332, 38.45368246660516], [22.397138768672246, 38.454169799118674], [22.397278567507545, 38.45464562304894], [22.3974648161974, 38.45510525719964], [22.39769568241135, 38.4555441796509], [22.39796889486794, 38.4559580722463], [22.398281765679783, 38.456342863075264], [22.39863121679721, 38.4566947665329], [22.399013810290395, 38.45701032056303], [22.399425782172006, 38.457286420718276], [22.399863079427618, 38.457520350701806], [22.400321399889627, 38.45770980909055], [22.400796234562335, 38.45785293197677], [22.40128291198183, 38.45794831130531], [22.401776644174262, 38.45799500872623], [22.402272573760307, 38.45799256482634], [22.40276582174251, 38.457941003648926], [22.403251535505255, 38.457840832457244], [22.403724936555218, 38.457693036744], [22.404181367532598, 38.45749907053598], [22.470181367532597, 38.42549907053598], [22.47060009725821, 38.425270772090364], [22.470995170803555, 38.42500361734654], [22.471362993714244, 38.424700036929266], [22.47170021946735, 38.42436279287102], [22.472003779918726, 38.42399495348251], [22.565026208534878, 38.2996386541746], [22.596034187401727, 38.307181135520594], [22.600198957629388, 38.321063702946134], [22.58403400480975, 38.33297472081323], [22.58365073581559, 38.333287530549214], [22.583300255455015, 38.33363668462647], [22.582985994861403, 38.334018764895674], [22.582711030583773, 38.33443003086659], [22.582478054467998, 38.33486645632677], [22.58228934730414, 38.335323768757306], [22.582146756498, 38.33579749116], [22.582051677985344, 38.33628298588628], [22.582005042566003, 38.33677550003884], [22.5820073067915, 38.33727021200159], [22.582058448495516, 38.33776227864233], [22.58215796701089, 38.338246882726], [22.58230488807105, 38.33871928007452], [22.58249777334789, 38.33917484601134], [22.582734734532718, 38.339609120636084], [22.58301345182243, 38.34001785248611], [22.58333119662991, 38.3403970401575], [22.60833119662991, 38.36739704015749], [22.608681425340155, 38.36773992810453], [22.609063543202495, 38.36804687799129], [22.60947387833491, 38.36831494024676], [22.609908487707393, 38.368541538982534], [22.61036319503169, 38.36872449674523], [22.610833630892465, 38.368862055440346], [22.61131527473428, 38.36895289322623], [22.61180349830094, 38.368996137216115], [22.612293610109756, 38.368991371865874], [22.62361830444591, 38.36832521337551], [22.623468426883257, 38.368460509737105], [22.623132921310507, 38.36883050439198], [22.622836003001005, 38.369232125546134], [22.62258063472482, 38.3696613656625], [22.622369364649103, 38.37011394161092], [22.622204300911463, 38.37058533740693], [22.62208709058413, 38.37107084927408], [22.62201890323879, 38.3715656325801], [22.62200041927614, 38.37206475017858], [22.622031823136584, 38.37256322167378], [22.622112801459792, 38.37305607311707], [22.622242546211556, 38.37353838663893], [22.62241976274667, 38.37400534952146], [22.62264268272742, 38.374452302221606], [22.622909081768764, 38.37487478486592], [22.623216301634148, 38.37526858175303], [22.623561276760444, 38.37562976341953], [22.642561276760446, 38.39362976341953], [22.642943723233586, 38.3939571672099], [22.643357155285432, 38.39424445188625], [22.643797381400507, 38.394488704858325], [22.644259938415953, 38.39468744980599], [22.64474013677061, 38.39483867178503], [22.6452331080494, 38.394940837655305], [22.645733854340964, 38.394992911624314], [22.646237298908204, 38.39499436574834], [22.64673833765799, 38.39494518528498], [22.64723189088818, 38.394845868842594], [22.6477129547874, 38.39469742332522], [22.64817665216538, 38.394501353724266], [22.64861828189957, 38.39425964786037], [22.64903336659675, 38.39397475623023], [22.68703336659675, 38.364974756230225], [22.687416545495363, 38.3646506460905], [22.687765302909803, 38.36428975591761], [22.688076125130717, 38.36389572165768], [22.688345880643496, 38.363472513181456], [22.68857185167806, 38.36302439428813], [22.688751761590233, 38.36255587974779], [22.688883797798805, 38.36207168981539], [22.688966630047148, 38.36157670267449], [22.688999423805498, 38.36107590528989], [22.688981848678768, 38.36057434316419], [22.68891408173527, 38.36007706950473], [22.688796805722763, 38.35958909431284], [22.68863120218981, 38.35911533390832], [22.688418939581737, 38.358660561397905], [22.680931586917268, 38.344517784142795], [22.699027062739425, 38.32125217237145], [22.800608689644655, 38.286734143811415], [22.801057803582964, 38.286556911718904], [22.801487729363505, 38.286337188330464], [22.801894458108176, 38.28607702247479], [22.802274197241545, 38.28577884008969], [22.80262340585501, 38.28544542160118], [22.8029388277243, 38.28507987599722], [22.803217521672405, 38.284685611837695], [22.80345688899482, 38.284266305470986], [22.80365469769137, 38.28382586675361], [22.80380910327869, 38.28336840259239], [22.80391866598926, 38.2828981786493], [22.803982364196628, 38.28241957956595], [22.80399960394164, 38.28193706807864], [22.803970224470895, 38.281455143405175], [22.803894499735662, 38.280978299291576], [22.803773135837435, 38.280510982109774], [22.803607264443798, 38.28005754939704], [22.80339843223613, 38.2796222292238], [22.803148586487428, 38.279209080768574], [22.802860056904798, 38.27882195646793], [22.80253553390593, 38.278464466094064], [22.773390961877617, 38.24931989406575], [22.80672133520175, 38.232248239436316], [22.874005766069004, 38.245900152945616], [22.874487882034533, 38.24597370437294], [22.874974870200592, 38.24599993684892], [22.87546209744716, 38.24597860080237], [22.875944928379635, 38.24590989922069], [22.876418769429183, 38.2457944857187], [22.876879112555137, 38.245633458320206], [22.877321578133717, 38.24542834901166], [22.877741956624977, 38.24518110916704], [22.87813624862166, 38.2448940909829], [22.87850070289885, 38.24457002509991], [22.878831852102444, 38.24421199462406], [22.879126545736987, 38.24382340579452], [22.879381980138906, 38.2434079555773], [22.87959572515009, 38.2429695964929], [22.882686566209372, 38.23575763402123], [22.891464466094067, 38.24453553390593], [22.891830008888014, 38.24486667251651], [22.892226398778444, 38.24516018464299], [22.892649778506208, 38.24541321412693], [22.893096028174803, 38.245623298745365], [22.893560805340957, 38.24578839417064], [22.894039587270825, 38.245906893863705], [22.89452771495059, 38.2459776447073], [22.895020438423206, 38.24599995822691], [22.895512963010088, 38.24597361729029], [22.896000495968, 38.245898878220366], [22.896478293127117, 38.24577646830098], [22.896941705056403, 38.2456075786997], [22.89738622230709, 38.24539385287659], [22.897807519294023, 38.24513737059178], [22.898201496387788, 38.24484062766732], [22.8985643198081, 38.24450651170048], [22.898892458930213, 38.24413827396455], [22.89918272064135, 38.24373949777084], [22.89943228041276, 38.24331406359953], [22.89963870978516, 38.24286611133886], [22.8998, 38.242399999999996], [22.912749999999996, 38.198], [22.956423871527562, 38.198], [22.949233815385316, 38.20479060857879], [22.92251449575543, 38.20202654103087], [22.922032505177604, 38.20200010565978], [22.92155021163365, 38.20202027205306], [22.921072110364584, 38.20208685224887], [22.920602657537106, 38.202199225683145], [22.920146228709697, 38.2023563449737], [22.91970707804999, 38.20255674568237], [22.919289298683587, 38.20279855996435], [22.918896784543904, 38.203079533977565], [22.918533194078538, 38.20339704888974], [22.918201916150544, 38.2037481452873], [22.917906038452358, 38.20412955075878], [22.917648318726812, 38.20453771039547], [22.917431159063455, 38.204968819925135], [22.917256583509747, 38.20541886116992], [22.917126219205844, 38.20588363949797], [22.917041281218733, 38.20635882291971], [22.917002561217153, 38.20683998246439], [22.917010420092815, 38.207322633460485], [22.917064784596676, 38.20780227733533], [22.917165148021663, 38.20827444354429], [22.917310574925477, 38.20873473123868], [22.917499709849412, 38.2091788502841], [22.917730789951978, 38.209602661246855], [22.918001661439572, 38.21000221397575], [22.918309799640983, 38.21037378441966], [22.91865233253876, 38.21071390933774], [22.919026067537946, 38.21101941857874], [22.919427521222865, 38.21128746462856], [22.949427521222866, 38.22928746462856], [22.949835878642492, 38.2295073915683], [22.950262858208763, 38.229688532648616], [22.95070478578571, 38.22982932916036], [22.951157858610568, 38.2299285695572], [22.951618178016297, 38.22998539988093], [22.952081782979445, 38.22999933110969], [22.952544684204497, 38.22997024336601], [23.025544684204494, 38.22197024336601], [23.026052411451374, 38.22188798835279], [23.026549001960532, 38.22175400809068], [23.027029200754708, 38.221569720374056], [23.02748792631562, 38.22133707535651], [23.02792032435719, 38.22105853491408], [23.028321819194147, 38.22073704659342], [23.05532181919415, 38.19673704659342], [23.055674800504217, 38.1963905517625], [23.05599181955904, 38.19601087638538], [23.056269773953424, 38.19560173603324], [23.056505943575935, 38.19516713462676], [23.056698017228385, 38.19471132525307], [23.056844115243653, 38.194238768544245], [23.05694280788041, 38.193754089024814], [23.056993129314865, 38.193262029855255], [23.056994587092447, 38.192767406414646], [23.056947166947094, 38.19227505917649], [23.056851332940823, 38.19178980633893], [23.056708022922372, 38.19131639667308], [23.056518639349225, 38.19085946305062], [23.056285035562908, 38.190423477105746], [23.056009497651875, 38.19001270547491], [23.055694722079426, 38.18963116804281], [23.05534378929563, 38.18928259860299], [23.055048982228325, 38.189042706686216], [23.066140661979688, 38.18809199127896], [23.12096174579813, 38.21256568941219], [23.12143729192748, 38.21274952034211], [23.121929086341016, 38.21288396805221], [23.12243201559782, 38.21296763462011], [23.122940850482262, 38.21299965012121], [23.123450300374834, 38.2129796816738], [23.12395506826148, 38.21290793690015], [23.124449905809374, 38.21278516176779], [23.12492966793657, 38.21261263283327], [23.125389366308053, 38.212392143969176], [23.125824221202063, 38.21212598771227], [23.126229711207333, 38.211816931426846], [23.152229711207333, 38.18981693142685], [23.152585719610443, 38.18948462550001], [23.15290771112176, 38.189119261737794], [23.153192631082362, 38.18872430626164], [23.15343777652255, 38.1883035059227], [23.153640821804284, 38.187860852756366], [23.153799840683988, 38.18740054611075], [23.153913324586362, 38.186926952808435], [23.153980196915896, 38.186444565719434], [23.15399982327029, 38.18595796113837], [23.153972017458855, 38.18547175537026], [23.15389704326889, 38.18499056093665], [23.15377561196318, 38.18451894281773], [23.153608875532402, 38.18406137514541], [23.153398415766482, 38.18362219875827], [23.153146229248488, 38.183205580021], [23.152854708413532, 38.18281547129913], [23.15252661885228, 38.18245557346377], [23.15216507307445, 38.182129300782364], [23.15177350098113, 38.18183974852831], [23.141759463226588, 38.175163723358615], [23.223677892933782, 38.16395383297763], [23.224154490810054, 38.16386488961535], [23.22462023386553, 38.16373020530432], [23.225070743063707, 38.16355104638123], [23.225501782600734, 38.16332909734456], [23.225909299731555, 38.16306644501647], [23.226289462874842, 38.162765558922], [23.22663869763853, 38.162429268069914], [23.226953720427165, 38.16206073435368], [23.227231569315123, 38.16166342282248], [23.227469631895385, 38.161241069101955], [23.227665669842086, 38.16079764427088], [23.227817839955815, 38.160337317524046], [23.22792471149386, 38.15986441697243], [23.227985279622413, 38.159383388949166], [23.227998974864285, 38.158898756203975], [23.227965668453276, 38.158415075379104], [23.227885673544865, 38.1579368941666], [23.227759742271843, 38.15746870854974], [23.227589058672564, 38.157014920530614], [23.22737522755832, 38.1565797967414], [23.22712025942447, 38.156167428328345], [23.226826551547276, 38.15578169248579], [23.226496865444055, 38.15542621600175], [23.226134300908708, 38.155104341157944], [23.225742266866646, 38.154819094304806], [23.225324449323193, 38.154573157406915], [23.22488477670681, 38.15436884282652], [23.224427382932998, 38.15420807158207], [23.185358902127263, 38.1425706517676], [23.220577871029402, 38.10649268362394], [23.220899607922306, 38.10612938621015], [23.221184610564872, 38.105736610023435], [23.221430194236323, 38.105318055009796], [23.221634045542018, 38.104877663951434], [23.221794244205597, 38.10441958532575], [23.22190928115797, 38.10394813422679], [23.221978072752698, 38.1034677517171], [23.221999970973954, 38.10298296299298], [23.22197476954081, 38.10249833475723], [23.221902705850408, 38.10201843220082], [23.22178445874166, 38.10154777599892], [23.221621142100634, 38.10109079972613], [23.221414294367726, 38.10065180809237], [23.22116586404559, 38.10023493639248], [23.220878191344287, 38.09984411155187], [23.2205539861365, 38.09948301513487], [23.220196302430608, 38.099155048664535], [23.21980850960196, 38.09886330158029], [23.219394260653402, 38.09861052213543], [23.175394260653402, 38.07461052213543], [23.17492970320256, 38.07438738192021], [23.174444644185005, 38.074213247115345], [23.17394423696825, 38.0740899677651], [23.06994423696825, 38.054089967765094], [23.069476455169884, 38.05402275272152], [23.06900441695596, 38.054000001950946], [23.06853233928313, 38.054021918697536], [23.06806443946055, 38.05408830716789], [22.9437245363577, 38.0777720982351], [22.877514493092157, 38.04466707660233], [22.869799176536638, 38.03952353223198], [22.887151445633204, 38.038997705895724], [22.88767768216227, 38.038953861815486], [22.88819635990073, 38.038854762917786], [22.888701693575424, 38.038701514540584], [22.889188046751393, 38.03849582599905], [22.889649994700015, 38.03823999152002], [22.977649994700016, 37.98323999152002], [22.978045345924578, 37.98296558548006], [22.978412484910336, 37.98265444205546], [22.97874801046314, 37.982309443694675], [22.979048814257283, 37.98193378647996], [22.97931210963119, 37.981530950518795], [22.97953545740319, 37.9811046677039], [22.979716788468217, 37.980658887140855], [22.979854422966103, 37.98019773856336], [22.979947085843897, 37.97972549407519], [22.979993918668, 37.97924652857318], [22.979994487576768, 37.97876527921798], [22.979948787299797, 37.97828620432799], [22.97985724120677, 37.977813742077245], [22.979720697385318, 37.97735226937994], [22.97954042078432, 37.97690606134252], [22.97931808149534, 37.97647925165881], [22.979055739280795, 37.976075794315335], [22.97875582449225, 37.975699426961356], [22.94975582449225, 37.942699426961354], [22.949419417744437, 37.94235204409442], [22.949051026534978, 37.942038783383495], [22.948654096712083, 37.94176257499855], [22.948232341067712, 37.94152600253046], [22.947789704608947, 37.9413312788247], [22.947330327657298, 37.941180225282835], [22.946858507121068, 37.9410742548256], [22.946378656303033, 37.94101435867674], [22.867378656303032, 37.93501435867674], [22.866898743832888, 37.93500102538628], [22.866419764919314, 37.93503378139314], [22.865946135628256, 37.93511232469511], [22.865482222703474, 37.935235931142586], [22.86503230330627, 37.93540346111498], [22.864600525581096, 37.935613370027795], [22.864190870410738, 37.93586372257329], [22.67770005691757, 38.06251791141624], [22.509887167253, 38.12408240348253], [22.414533296456533, 38.1330218288697], [22.414087014989505, 38.13308406078448], [22.413648148420044, 38.133186217983145], [22.413220261046156, 38.13332747078594], [22.412806827997244, 38.133506671994354], [22.329656766136637, 38.17409182123585], [22.21859950525646, 38.18301606541372], [22.218060058662157, 38.183089143630546], [22.217531753871317, 38.18322043377433], [22.21702085326214, 38.18340837956817], [22.15902085326214, 38.20840837956817], [22.158572232488723, 38.20862896523565], [22.158147881489004, 38.20889324702481], [22.1577520423919, 38.20919858297789], [22.157388672300076, 38.20954192072911], [22.157061403731834, 38.20991982801838], [22.156773508307722, 38.21032852700274], [22.156527864045003, 38.2107639320225], [22.139131269269136, 38.24555712157424], [22.112267236443266, 38.263157694804974], [22.0484646340014, 38.27002874429871], [22.04796388786652, 38.270108530727185], [22.0474737976296, 38.27023862348426], [22.046999403624977, 38.270417684630644], [22.04654558475903, 38.270643872611494], [22.04611700833309, 38.27091486119593], [22.045718082042534, 38.27122786340114], [22.045352908645842, 38.271579660155126], [22.045025243769775, 38.271966633403245], [22.016897758519058, 38.30882333821454], [21.955003278914642, 38.33203376806619], [21.850153809458373, 38.335953374401], [21.767416969448547, 38.29215151792521], [21.70511096095822, 38.202153950105846], [21.704805495111167, 38.201756821472856], [21.704461818967385, 38.20139225701621], [21.704083383317652, 38.2010639172625], [21.703673987966738, 38.20077509901255], [21.624673987966737, 38.150775099012556], [21.62425412911428, 38.15053694029436], [21.623813261685516, 38.15034037747668], [21.62335549458306, 38.15018724253309], [21.622885094215185, 38.15007896268758], [21.622406444732725, 38.15001654711277], [21.62192400716859, 38.150000577524395], [21.62144227786078, 38.15003120275968], [21.52344227786078, 38.16103120275967], [21.523002312145152, 38.16110054911808], [21.52257026323224, 38.161208773353835], [21.522149559494945, 38.16135501669139], [21.408495185911853, 38.20663196226515], [21.41381996309103, 38.187329644990626], [21.413926280453552, 38.186855430238495], [21.413986057665717, 38.18637313396273], [21.413998729993036, 38.18588731257083], [21.41396417771598, 38.18540255577319], [21.41388272726098, 38.18492344322264], [21.41375514811659, 38.184454501249014], [21.413582645563874, 38.18400016009743], [21.413366849289744, 38.183564712074386], [21.41310979799076, 38.18315227099689], [21.41281392011293, 38.182766733328016], [21.412482010909404, 38.18241174136568], [21.4121172060328, 38.18209064883273], [21.411722951911717, 38.181806489193235], [21.41130297319119, 38.181561946994385], [21.410861237544808, 38.18135933250471], [21.410401918190793, 38.18120055988825], [21.409929354466307, 38.181087129120776], [21.40944801083231, 38.181020111819116], [21.408962434696388, 38.181000141117195], [21.40847721345193, 38.18102740568464], [21.407996931139554, 38.18110164794434], [21.407526125140187, 38.18122216650587], [21.407069243309014, 38.181387822791756], [21.406630601955126, 38.18159705179397], [21.406214345063976, 38.181847876859074], [21.405824405147836, 38.18213792836227], [21.405464466094067, 38.18246446609407], [21.378221738582777, 38.209707193605354], [21.371987794835707, 38.1206508543615], [21.37192880505216, 38.1201592379898], [21.371821480162826, 38.11967586668365], [21.371666872666196, 38.11920548070015], [21.371466498745118, 38.11875269295381], [21.37122232339813, 38.11832194377923], [21.370936741169356, 38.11791745738626], [21.303653307736067, 38.031989217097966], [21.316519305308216, 38.03934121571062], [21.31694531455906, 38.03955831852099], [21.317390113292845, 38.03973373687377], [21.317849633958378, 38.03986586662068], [21.31831967437681, 38.039953499474755], [21.318795936169295, 38.03999583405979], [21.31927406406439, 38.039992483238684], [21.319749685725707, 38.0399434776537], [21.320218451735602, 38.03984926544623], [21.320676075369327, 38.03971070815869], [21.32111837179581, 38.03952907285597], [21.32154129634671, 38.039306020538525], [21.321940981503676, 38.03904359095298], [21.32231377226567, 38.03874418393929], [21.322656259572824, 38.03841053748493], [21.3229653114813, 38.03804570268678], [21.323238101803955, 38.0376530158498], [21.323472135954997, 38.037236067977496], [21.330472135955, 38.0232360679775], [21.330669254984976, 38.02278831146205], [21.33082167209754, 38.02232343423857], [21.33092792810119, 38.0218458868893], [21.330987005735768, 38.0213602412961], [21.33099833941135, 38.02087114687075], [21.33096182062305, 38.02038328604305], [21.330877798989768, 38.01990132943271], [21.330747078907102, 38.01942989113442], [21.33057091184629, 38.018973484543984], [21.330350984373055, 38.01853647914857], [21.330089402000972, 38.01812305869465], [21.329788669033967, 38.017737181134194], [21.32945166459093, 38.01738254073254], [21.329081615041993, 38.01706253270071], [21.328682063120286, 38.01678022069075], [21.210682063120284, 37.941780220690745], [21.210208424564428, 37.94151414880505], [21.209708715315433, 37.941301032882556], [21.165708715315436, 37.92530103288256], [21.165264028056896, 37.925162414541184], [21.164808370966135, 37.925065779050236], [21.1643456984505, 37.925011965058125], [21.163880025800506, 37.925001439588094], [21.163415394343254, 37.925034293985135], [21.162955836369882, 37.92511024312327], [21.162505340141443, 37.92522862788003], [21.16206781527688, 37.92538842085661], [21.16164705882353, 37.925588235294114], [21.136520444447953, 37.93898909629442], [21.111386725904822, 37.87795006554682], [21.125791108671116, 37.84103883470819], [21.286519636553592, 37.78976347611991], [21.287006395881274, 37.78957977898676], [21.28747143161727, 37.7893464958025], [21.287909708740052, 37.78906615236409], [21.28831648194819, 37.78874178399795], [21.288687347038515, 37.788376902695894], [21.28901828859121, 37.78797545909025], [21.289305723445423, 37.78754179967966], [21.28954653949479, 37.7870806197688], [21.31654653949479, 37.728080619768804], [21.31672450339894, 37.72763678576283], [21.316859255147527, 37.72717798107422], [21.316949562248368, 37.72670840211007], [21.316994598717397, 37.726232343823206], [21.316993952633464, 37.72575416042887], [21.3169476299059, 37.725278225579395], [21.31685605422049, 37.72480889236101], [21.304222009318394, 37.67330086314478], [21.312414593116685, 37.651243906764776], [21.3194309422569, 37.667030692330265], [21.319642962010736, 37.66745279839369], [21.319893868486318, 37.66785301314268], [21.32018142233427, 37.66822776464612], [21.320503057126086, 37.668573708233275], [21.320855902259613, 37.6688877563451], [21.32123680857927, 37.669167106090846], [21.321642376482355, 37.66940926426391], [21.322068986260664, 37.669612069593846], [21.322512830406485, 37.669773712035735], [21.322969947594753, 37.66989274892493], [21.34196994759475, 37.67389274892493], [21.34251388230684, 37.67397631285073], [21.343063705807843, 37.67399959414053], [21.343612757582036, 37.67396231076673], [21.34415438646234, 37.673864914377], [21.40315438646234, 37.659864914377], [21.403685983448334, 37.659707171105026], [21.404196844301655, 37.65949153371515], [21.404680685877334, 37.659220654360055], [21.552680685877334, 37.565220654360054], [21.553045823298206, 37.56496521883837], [21.553386768031913, 37.56467828795746], [21.553700811986605, 37.56436214078227], [21.55398546074077, 37.56401928843998], [21.67898546074077, 37.39901928843998], [21.679261508705114, 37.398615252101855], [21.67949674030708, 37.39818616710493], [21.6796889025187, 37.39773614318826], [21.679836154826898, 37.39726949064206], [21.7008361548269, 37.31726949064206], [21.70093524119176, 37.31680211868147], [21.700989267885156, 37.3163274232279], [21.70099774163331, 37.31584973833925], [21.700960585069325, 37.31537342536757], [21.70087813743955, 37.314902833138994], [21.700751151506203, 37.314442258248256], [21.70058078667451, 37.313995905829906], [21.686580786674508, 37.2819959058299], [21.686380764398113, 37.281589833348455], [21.686144836715872, 37.28120351495646], [21.685874937326663, 37.28084011697773], [21.68557327836659, 37.28050261787692], [21.685242332277998, 37.280193783847565], [21.57888001774735, 37.18958884924738], [21.57503003977396, 37.116439267753044], [21.583572481618926, 37.0794220197582], [21.6586671514831, 36.9983988233258], [21.658965616980016, 36.99804530490555], [21.65923012776567, 36.997665711741], [21.659458419025427, 36.997263294013976], [21.659648536066275, 36.996841497336554], [21.659798851053434, 36.99640393324875], [21.659908076948344, 36.995954348295506], [21.665438832849727, 36.96751046080268], [21.679132688278184, 36.977096159602596], [21.679551138278562, 36.977359251801545], [21.67999352030985, 36.97757974226928], [21.680455511097946, 36.977755476215], [21.680932595737943, 36.97788473624071], [21.681420111816987, 36.977966259124855], [21.68191329497874, 36.9779992481674], [21.68240732548407, 36.97798338097581], [21.682897375312997, 36.97791881261562], [21.683378655347557, 36.97780617409512], [21.683846462174504, 36.977646566198615], [21.684296224050424, 36.97744154872879], [21.6847235455801, 36.97719312526323], [21.68512425067144, 36.976903723573976], [21.685494423347254, 36.97657617190165], [21.685830446015004, 36.97621367131582], [21.686129034820475, 36.97581976443188], [21.68638727173997, 36.97539830079006], [21.686602633097344, 36.97495339923498], [21.686773014227136, 36.97448940766331], [21.6868967500429, 36.97401086053307], [21.686972631309615, 36.9735224345496], [21.686999916461183, 36.97302890296148], [21.686978338847556, 36.97253508891292], [21.68690810934064, 36.97204581830853], [21.68678991427347, 36.97156587265112], [21.686624908732917, 36.97109994231346], [21.686414705271318, 36.97065258070056], [21.686161358147473, 36.970228159750555], [21.68586734325095, 36.96983082720898], [21.68555586308631, 36.96948691218035], [21.686563260572168, 36.96978913142611], [21.687038227507397, 36.96990662752535], [21.68752240433458, 36.9699771379708], [21.68801115459728, 36.969999987557486], [21.688499798044035, 36.96997495747873], [21.68898365544625, 36.96990228742151], [21.689458093406298, 36.96978267327115], [21.689918568726704, 36.9696172604476], [21.69036067191564, 36.96940763293693], [21.690780169412026, 36.96915579812316], [21.6911730441259, 36.96886416756561], [21.69153553390593, 36.968535533905936], [21.713535533905933, 36.94653553390593], [21.71386704497204, 36.94616953674599], [21.714160836338863, 36.94577262347988], [21.714414042324183, 36.94534866565529], [21.714624193121285, 36.94490179861633], [21.71478923888981, 36.944436381166796], [21.71490756975017, 36.943956953053814], [21.714978031486552, 36.94346819068646], [21.71499993680529, 36.942974861521456], [21.71497307203883, 36.942481777560694], [21.714897699229876, 36.941993748414326], [21.714774553575385, 36.94151553438712], [21.714604836255344, 36.94105180004581], [21.692999999999998, 36.889985823442274], [21.692999999999998, 36.851372523192595], [21.710437077188566, 36.82200481424343], [21.764394615591062, 36.80023247418629], [21.82184561353766, 36.813864914377], [21.822325534900454, 36.81395430084164], [21.82281188565454, 36.81399646004618], [21.823300029623333, 36.813990990104685], [21.823785313536284, 36.81393794315983], [21.824263111386554, 36.813837824885745], [21.824728868528776, 36.81369158966771], [21.825178145096586, 36.813500631504375], [21.825606658325974, 36.81326677071936], [21.826010323381077, 36.812992236608885], [21.8263852922932, 36.812679646190816], [21.82672799064187, 36.812331979257756], [21.827035151628294, 36.81195254997192], [21.88407464212319, 36.733998579628896], [21.931840000130528, 36.76914667325694], [21.940318354112154, 36.79175561720794], [21.94052025634352, 36.79222078742167], [21.940768236830873, 36.792663114807965], [21.941059744868348, 36.79307804962557], [21.941391782029477, 36.793461323890824], [21.941760933008723, 36.793808995277764], [21.942163400751028, 36.79411748766856], [21.942595045507986, 36.794383627937144], [21.943051427418943, 36.79460467858773], [21.943527852179017, 36.79477836591244], [21.94401941932431, 36.79490290337846], [21.957087541073015, 36.7975165277282], [21.926250047152422, 36.81782414567591], [21.925837522837075, 36.818127179555674], [21.925458142021537, 36.81847080149887], [21.925115880705423, 36.8188514102672], [21.92481432586732, 36.81926501699183], [21.924556637872406, 36.819707286977604], [21.924345517351103, 36.82017358513171], [21.92418317689581, 36.82065902454051], [21.924071317872446, 36.82115851768554], [21.91707131787245, 36.862158517685536], [21.91700880322362, 36.862703428356966], [21.917006349786057, 36.86325190780216], [21.91706398708303, 36.86379735593274], [21.93806398708303, 36.99379735593274], [21.938172147104, 36.99430070612153], [21.938331493953036, 36.99479026570359], [21.938540338171084, 36.995260844172364], [21.938796465508187, 36.99570745226664], [21.93909716039984, 36.99612535486872], [21.939439234758485, 36.996510121208], [21.939819061774912, 36.9968576718378], [21.940232614371116, 36.997164321887304], [21.940675507897012, 36.997426820129974], [21.94114304661823, 36.997642383454426], [22.046143046618226, 37.03964238345442], [22.046628340904107, 37.03980817546733], [22.047128064908456, 37.03992338594832], [22.04763696158401, 37.03998680289449], [22.048149677387915, 37.039997759165814], [22.048660818600453, 37.03995613950341], [22.153660818600454, 37.025956139503414], [22.154146675475186, 37.02586673765007], [22.154621338522546, 37.0257298267828], [22.155080174089573, 37.02554674342327], [22.15551870303091, 37.02531927482826], [22.155932644434152, 37.02504964154251], [22.156317957410042, 37.02474047572177], [22.156670880539565, 37.02439479543776], [22.156987968592862, 37.024015975215804], [22.157266126161502, 37.02360771309276], [22.15750263787582, 37.02317399451684], [22.157695194912293, 37.02271905344174], [22.157841917532263, 37.02224733099486], [22.1579413734319, 37.02176343212305], [22.15799259172432, 37.021272080639264], [22.157995072417382, 37.02077807310868], [22.157948791294608, 37.020286232024816], [22.143387143899073, 36.91932547674909], [22.17521500333989, 36.89695995389878], [22.19742752122286, 36.91028746462856], [22.197862974473423, 36.910520301084965], [22.198319270762134, 36.91070904971613], [22.19879195969716, 36.91085186960117], [22.19927643100437, 36.910947367775755], [22.19976795949269, 36.91099461281812], [22.20026175114029, 36.91099314393349], [22.20075298985207, 36.910942975448314], [22.20123688443248, 36.910844596670586], [22.201708715315434, 36.91069896711744], [22.223708715315436, 36.902698967117445], [22.22416084559384, 36.90250896288736], [22.224592186515416, 36.90227557821462], [22.22499858817683, 36.90200105847818], [22.225376140613776, 36.90168804481481], [22.225721211418474, 36.90133954870889], [22.295721211418474, 36.82333954870889], [22.296006402872674, 36.82299144380222], [22.29625914067008, 36.8226191068616], [22.2964773775214, 36.82222555398292], [22.296659345610436, 36.821813973120676], [22.296803570914207, 36.821387698264104], [22.30955416114092, 36.77725103978701], [22.361255531766357, 36.70735844616374], [22.387316813014316, 36.71095310564622], [22.38781194417927, 36.71099646224926], [22.388308933596498, 36.710990446877084], [22.388802870321417, 36.71093511896989], [22.38928887357428, 36.71083102524415], [22.389762140969054, 36.71067919429018], [22.390217995967628, 36.71048112640835], [22.390651934090524, 36.71023877878398], [22.391059667427374, 36.70995454614765], [22.391437167007446, 36.70963123711192], [22.391780702611428, 36.70927204641837], [22.39208687963121, 36.70888052336912], [22.392352672613278, 36.708460536754785], [22.39257545515442, 36.708016236625475], [22.392753025854212, 36.70755201328256], [22.392883630067914, 36.70707245389635], [22.3929659772448, 36.70658229717856], [22.392999253680575, 36.70608638655722], [22.392983130557916, 36.7055896223169], [22.392917767195627, 36.70509691317714], [22.392803809474366, 36.704613127787425], [22.39264238345443, 36.704143046618235], [22.374223827068604, 36.65809665565368], [22.390572478777138, 36.64828746462856], [22.390978772716227, 36.648015832803424], [22.391356606434492, 36.64770583232809], [22.391702369978415, 36.647360425053904], [22.392012759803972, 36.64698291112097], [22.392284810339824, 36.64657689742748], [22.392515922321426, 36.64614626316813], [22.392703887625277, 36.645695122771], [22.392846910366103, 36.6452277865869], [22.392943624055363, 36.64474871970673], [22.392993104657148, 36.644262499300524], [22.392994879416744, 36.64377377088556], [22.39294893137748, 36.6432872039415], [22.392855699542757, 36.64280744729656], [22.392716074681648, 36.642339084711026], [22.392531390818178, 36.64188659108241], [22.39230341248561, 36.641454289690735], [22.39203431786748, 36.641046310892435], [22.391726677986483, 36.64066655265752], [22.391383432140035, 36.64031864332701], [22.391007859817208, 36.6400059069465], [22.390603549365377, 36.63973133150712], [22.390174363705896, 36.63949754039724], [22.389724403426428, 36.63930676733765], [22.389257967602504, 36.639160835039895], [22.388779512722692, 36.63906113779144], [22.38829361010976, 36.63900862813412], [22.375550843171393, 36.63825905360834], [22.37252493781056, 36.608000000000004], [22.388, 36.608000000000004], [22.388494988408294, 36.607975438319954], [22.38898511371782, 36.607901994590264], [22.389465560608166, 36.60778039037149], [22.389931608846215, 36.60761182038519], [22.39037867966088, 36.607397940776195], [22.39080238072804, 36.60714085284152], [22.391198549323676, 36.6068430823858], [22.39156329322127, 36.606507554906095], [22.391893028931662, 36.60613756684985], [22.392184516909637, 36.60573675322837], [22.39243489338142, 36.60530905190402], [22.39264169848029, 36.604858664902046], [22.392802900413983, 36.60439001712701], [22.39291691542637, 36.60390771288961], [22.392982623357348, 36.603416490670774], [22.392999378648046, 36.6029211765677], [22.39296701668323, 36.602426636878995], [22.39288585540859, 36.60193773029491], [22.39275669220703, 36.601459260162265], [22.392580796064642, 36.60099592729319], [22.392359895103333, 36.60055228378117], [22.3920961596026, 36.60013268827819], [22.37983265147691, 36.58261339095578], [22.392438772657247, 36.55830158582227], [22.39264475947774, 36.557851002267405], [22.39280514291448, 36.55738224511988], [22.39291834828368, 36.556899916751945], [22.39298326410736, 36.556408752781394], [22.3929992530261, 36.555913575576135], [22.392966158056787, 36.555419246906986], [22.392884304133915, 36.554930620213646], [22.392754494919306, 36.554452492952414], [22.392578004911556, 36.553989559493594], [22.392356566932694, 36.553546365031025], [22.39209235511492, 36.55312726095626], [22.391787963554435, 36.55273636213555], [22.391446380841973, 36.55237750650903], [22.391070960720093, 36.552054217408966], [22.390665389155302, 36.551769668966756], [22.39023364814835, 36.55152665494854], [22.38977997663796, 36.55132756132535], [22.370994147800847, 36.54417105510169], [22.360611376155482, 36.513022740165596], [22.38285482592498, 36.485646186603134], [22.40674518920608, 36.49183998449083], [22.407214641351214, 36.491937935985085], [22.407691318161717, 36.491990462455796], [22.408170834595865, 36.49199708070186], [22.40864877948968, 36.49195772984074], [22.4091207561361, 36.4918727718686], [22.409582422731113, 36.49174298833017], [22.410029532314848, 36.49156957312919], [22.41045797184019, 36.491354121545484], [22.47245797184019, 36.45635412154548], [22.472895144816178, 36.4560765348635], [22.473301261622716, 36.45575521926102], [22.47367196585169, 36.45539362148508], [22.47400328096511, 36.45499562038889], [22.474291652951365, 36.454565485323485], [22.474533988449032, 36.45410783034043], [22.47472768792933, 36.45362756469698], [22.490360676743848, 36.408217454331], [22.505736110714246, 36.46664410341851], [22.48237991583789, 36.52308824103637], [22.482228365071833, 36.523506179357376], [22.482114536957155, 36.523935927231335], [22.482039331373738, 36.52437408724215], [22.482003342867067, 36.524817195470746], [22.47900334286707, 36.60681719547075], [22.47901102287256, 36.6073318240827], [22.479071566397135, 36.60784293666555], [22.479184331917757, 36.608345117437864], [22.479348124563792, 36.60883304526022], [22.479561208777945, 36.60930155001836], [22.479821326706322, 36.60974566740606], [22.480125722122803, 36.61016069152722], [22.480471169634185, 36.61054222475985], [22.48085400885666, 36.610886224353536], [22.501854008856657, 36.62788622435354], [22.502254915274108, 36.628179056095306], [22.5026828856339, 36.62843068629159], [22.50313370055255, 36.62863863410634], [22.50360291542081, 36.62880084937054], [22.504085904223313, 36.62891573279492], [22.5045779051467, 36.62898215173744], [22.50507406752662, 36.628999451370056], [22.505569499670695, 36.628967461134735], [22.506059317085978, 36.62888649642498], [22.50653869063544, 36.62875735547636], [22.507002894148716, 36.62858131149662], [22.507447351017657, 36.62836010011311], [22.507867679317375, 36.62809590226113], [22.508259735007886, 36.62779132268191], [22.508619652790426, 36.6274493642424], [22.508943884215643, 36.6270733983298], [22.50922923266796, 36.626667131612855], [22.50947288488118, 36.626234569497626], [22.509672438674645, 36.625779976637965], [22.515400689265196, 36.61074331883777], [22.52054670682789, 36.61430594638117], [22.51206803038084, 36.66517800506347], [22.512011722311016, 36.66565782212581], [22.512001983806442, 36.66614083369251], [22.512038905783857, 36.666622530463954], [22.512122143547042, 36.6670984154152], [22.51225092000485, 36.66756404577927], [22.512424032925964, 36.668015074524014], [22.51263986616269, 36.66844729093504], [22.512896404738996, 36.668856659926185], [22.513191253661915, 36.669239359710204], [22.51352166028073, 36.66959181747829], [22.513884539985174, 36.66991074275503], [22.514276505002723, 36.67019315811767], [22.514693896026177, 36.67043642699274], [22.515132816376223, 36.67063827827055], [22.515589168380043, 36.67079682750785], [22.532589168380042, 36.67579682750785], [22.533073798245848, 36.67591346622158], [22.533567633471446, 36.67598127084035], [22.534065765913542, 36.67599956746575], [22.534563244719543, 36.675968174250755], [22.535055125533237, 36.675887403207135], [22.535536519635894, 36.675758057104375], [22.536002642534392, 36.67558142149114], [22.536448861513485, 36.675359251918366], [22.536870741679557, 36.6750937564912], [22.53726409003826, 36.67478757392299], [22.53762499716797, 36.674443747309574], [22.54638945211679, 36.66521800525818], [22.54540313948436, 36.674094818950074], [22.5236518503724, 36.68018517990143], [22.523196087769023, 36.68033674998924], [22.522756971165656, 36.68053135125029], [22.522338552608108, 36.680767187958324], [22.521944693146377, 36.68104208387782], [22.521579027205956, 36.68135350234576], [22.521244929050372, 36.68169856967918], [22.520945481644425, 36.68207410169276], [22.520683448205435, 36.682476633081606], [22.52046124670505, 36.682902449398085], [22.520280927556872, 36.68334762132775], [22.520144154695817, 36.683808040947916], [22.52005219022378, 36.684279459634475], [22.520005882763314, 36.68475752726699], [22.520005659626776, 36.685237832370404], [22.52005152287321, 36.685715942822895], [22.52014304928934, 36.686187446754275], [22.52027939429487, 36.68664799325749], [22.52045929973604, 36.68709333253758], [22.520681105495505, 36.68751935512762], [22.541681105495506, 36.723519355127614], [22.541966170051904, 36.72395435542036], [22.542294878559787, 36.72435739111711], [22.542663674563286, 36.72472410158029], [22.5430685678806, 36.725050519192564], [22.543505177775664, 36.72533311228437], [22.57386378934262, 36.74281231288353], [22.572005399569612, 36.78276769300324], [22.572006840849994, 36.78326146070967], [22.572056977141088, 36.78375267856106], [22.57215531949649, 36.78423655603144], [22.572300908847613, 36.784708374180774], [22.572492325356876, 36.7851635316757], [22.572727702264448, 36.78559758966328], [22.573004744093513, 36.786006315060284], [22.573320749036576, 36.786385721835615], [22.573672635304405, 36.7867321098835], [22.574056971180713, 36.78704210110819], [22.57447000848944, 36.78731267236832], [22.57490771914824, 36.78754118495961], [22.575365834451762, 36.78772541034842], [22.575839886701512, 36.78786355190521], [22.68483988670151, 36.81386355190521], [22.68532041068208, 36.81395360054495], [22.685807431864184, 36.81399629037517], [22.68629629409051, 36.813991213260515], [22.686782323602475, 36.81393841774063], [22.787782323602475, 36.79793841774063], [22.78824203660225, 36.79784327834], [22.788690800425982, 36.79770544300991], [22.789124658995338, 36.79752612683799], [22.789539787629263, 36.797306910586286], [22.789932526760495, 36.797049726756086], [22.790299414196472, 36.79675684255194], [22.790637215640302, 36.796430839895116], [22.790942953202716, 36.79607459266264], [22.791213931653644, 36.795691241352685], [22.791447762182038, 36.795284165399444], [22.791642383454427, 36.79485695338177], [22.821642383454428, 36.71985695338177], [22.82181246812125, 36.719356521500735], [22.82192877617847, 36.7188409312591], [22.82199000794933, 36.718315944086235], [22.821995479203416, 36.717787426416876], [22.820435836471223, 36.681135822210315], [22.834059141511624, 36.691043680421515], [22.834457944191715, 36.69130557223462], [22.834879892889806, 36.69152826079652], [22.83532114566343, 36.691709718475295], [22.835777684801958, 36.691848293055976], [22.836245353408806, 36.69194272278429], [22.836719893250944, 36.691992147855295], [22.83719698353113, 36.69199611824204], [22.837672280229782, 36.69195459779323], [22.8381414556583, 36.691867964562334], [22.83860023786369, 36.691737007365376], [22.839044449525712, 36.69156291859853], [22.839470045992364, 36.6913472833811], [22.83987315210738, 36.69109206512263], [22.88687315210738, 36.65809206512264], [22.887248801420693, 36.65780069590061], [22.88759508047365, 36.65747496710603], [22.887908858786844, 36.65711782343704], [22.888187299698515, 36.65673249359283], [22.888427886008934, 36.656322461085125], [22.888628442736724, 36.65589143274606], [22.88878715678144, 36.655443305217176], [22.888902593314594, 36.65498212972244], [22.888973708751006, 36.65451207544383], [22.888999860183148, 36.654037391830535], [22.888980811193253, 36.653562370182485], [22.888916733990612, 36.65309130485555], [22.88880820785475, 36.652628454439146], [22.88865621389853, 36.6521780032571], [22.881142765046114, 36.63297696730093], [22.931719477271248, 36.60019576493278], [22.93210978779663, 36.59991525476309], [22.932471360367277, 36.59959856321335], [22.932800853643894, 36.59924861687148], [22.933095222736124, 36.59886864963728], [22.933351747340783, 36.59846217283754], [22.974873801313155, 36.525074356514295], [23.05087345826677, 36.52699839846248], [23.051357820859806, 36.526987179987955], [23.051838823758633, 36.52692913528947], [23.052311950673584, 36.52682480936723], [23.05277275926511, 36.52667518177058], [23.053216922854336, 36.52648165740077], [23.053640271047623, 36.52624605331986], [23.05403882889372, 36.52597058168971], [23.054408854205867, 36.525657829001354], [23.05474687269835, 36.52531073178955], [23.05504971060771, 36.52493254906076], [23.076049710607712, 36.49593254906076], [23.076327319451245, 36.49550485655615], [23.076559926327743, 36.495051114790925], [23.076745112241554, 36.494576042453446], [23.0768809513514, 36.49408458005942], [23.076966030998193, 36.49358183857296], [23.076999466395986, 36.493073046255134], [23.076980909833296, 36.49256349429263], [23.076910554289128, 36.492058481772084], [23.076789131426104, 36.49156326057217], [23.071630852171428, 36.47436899638991], [23.097518853544546, 36.44758830531427], [23.138261869499985, 36.43925450659611], [23.159687169966524, 36.450432924230824], [23.160113507675085, 36.45063045858507], [23.160556505651062, 36.450787099755026], [23.161012251625827, 36.45090146438825], [23.16147672074875, 36.45097254249104], [23.161945811132068, 36.450999706348036], [23.162415380076055, 36.4509827160658], [23.162881280654652, 36.450921721691415], [23.163339398338415, 36.45081726188732], [23.16378568733133, 36.45067025917425], [23.19297093843433, 36.43951119257605], [23.198080225528734, 36.45420039297247], [23.13199074880307, 36.504006955142536], [23.131614533526722, 36.50432051406331], [23.131270799381387, 36.50466937502169], [23.130962844250497, 36.50505019094614], [23.13069362274342, 36.50545930818005], [23.130465717848082, 36.50589280153598], [23.130281316149063, 36.50634651195503], [23.130142186848854, 36.50681608641002], [23.130049664793656, 36.507297019669686], [23.13000463766645, 36.50778469752316], [23.13000753747034, 36.50827444105001], [23.13005833638378, 36.50876155151114], [23.130156547027507, 36.50924135542986], [23.13030122714059, 36.50970924943049], [23.130490988620753, 36.51016074440455], [23.130724010842233, 36.51059150858047], [23.147943144297443, 36.53900307878156], [23.078715976575037, 36.574552164909285], [23.078262341346935, 36.57481607539512], [23.077838867853057, 36.57512608162843], [23.077450221647652, 36.575478768163094], [23.07710068458067, 36.57587024932933], [23.076794107623115, 36.57629621204343], [23.031794107623117, 36.64629621204343], [23.03154766145597, 36.646724767816394], [23.031344740595994, 36.64717556587365], [23.031187328763135, 36.64764419928978], [23.031076964788795, 36.64812608678392], [23.031014727572494, 36.64861651750558], [23.02901472757249, 36.67461651750558], [23.02900163608755, 36.675127899174086], [23.02904086399676, 36.67563794208307], [23.029132000689664, 36.67614130745839], [23.02927409221081, 36.67663272642168], [23.029465651245054, 36.67710705514131], [23.029704672685774, 36.67755932867441], [23.029988654622905, 36.67798481293646], [23.0303146245312, 36.67837905425437], [23.03067917038457, 36.67873792598446], [23.031078476370773, 36.679057671707255], [23.043498376777357, 36.687999999999995], [23.032, 36.687999999999995], [23.0315193363859, 36.6880231573774], [23.031043125135287, 36.688092415003965], [23.030575777369624, 36.688207131349685], [23.030121622108346, 36.68836624380268], [23.02968486616936, 36.68856827851211], [23.029269555201523, 36.68881136404035], [23.02887953620996, 36.68909324869808], [23.028518421921458, 36.68941132140154], [23.02818955731997, 36.68976263585888], [23.02789598866217, 36.6901439378615], [23.02764043526014, 36.69055169542766], [23.027425264292507, 36.69098213151901], [23.027252468877396, 36.69143125902714], [23.027123649610267, 36.69189491770598], [23.02703999973767, 36.69236881270792], [23.027002294104275, 36.69284855436679], [23.026002294104273, 36.72584855436679], [23.02601283516384, 36.72635803197761], [23.026075178612714, 36.72686379065944], [23.026188676880636, 36.727360577025046], [23.026352151044982, 36.72784323088389], [23.02656390307639, 36.728306738841816], [23.026821733476446, 36.728746286375845], [23.027122964124178, 36.72915730784334], [23.027464466094067, 36.72953553390593], [23.048464466094067, 36.75053553390593], [23.04881806914965, 36.75085685312964], [23.04920072720042, 36.7511429544764], [23.049608946101362, 36.751391225484284], [23.050038998305034, 36.75159939912949], [23.05048695689872, 36.751765574527134], [23.050948731462046, 36.751888234288685], [23.051420105417613, 36.75196625837762], [23.051896774533603, 36.75199893433675], [23.052374386226777, 36.751985963793814], [23.052848579306996, 36.75192746518605], [23.053315023800327, 36.75182397267867], [23.05376946048708, 36.75167643128728], [23.086616541089693, 36.7392478061944], [23.106615291067328, 36.77764540615146], [23.079821999871893, 36.78414074947156], [23.079362360543755, 36.7842757924462], [23.078917755067916, 36.78445420457535], [23.078492265010084, 36.78467434800055], [23.07808979645268, 36.78493420176187], [23.07771404413622, 36.78523138035067], [23.07736845754086, 36.78556315560907], [23.077056209219528, 36.78592648177493], [23.07678016567322, 36.78631802344258], [23.076542861035982, 36.78673418618253], [23.07634647381106, 36.787171149538956], [23.076192806871806, 36.78762490210231], [23.07608327091094, 36.78809127833482], [23.076018871490124, 36.78856599681094], [23.076000199808714, 36.789044699521696], [23.07602742727642, 36.78952299188205], [23.07610030393972, 36.78999648307407], [23.076218160776527, 36.79046082635548], [23.07637991583789, 36.79091175896363], [23.08715865489585, 36.81696037835369], [23.042323220020354, 36.86561159492072], [23.04201088567959, 36.865985540357094], [23.041736430042437, 36.86638810964683], [23.04150245920712, 36.86681548018632], [23.00750245920712, 36.93681548018632], [23.007323557827632, 36.93723056828092], [23.00718287304998, 36.93766011644259], [23.007081554571727, 36.93810061433796], [23.007020430382987, 36.93854846215074], [23.007, 36.939], [23.007, 36.97032408120756], [22.98822649901887, 36.98283974852831], [22.987831922604176, 36.98313175936451], [22.9874678814976, 36.98346105398671], [22.987137884485687, 36.9838244585101], [22.9868451122232, 36.984218470283786], [22.98659238657656, 36.9846392916509], [22.986382143425494, 36.985082866552034], [22.98621640918495, 36.985544919619336], [22.98609678127364, 36.98602099738433], [22.98602441271741, 36.98650651120242], [22.986000001035887, 36.98699678148022], [22.986023781519478, 36.987487082779516], [22.986095524961534, 36.98797268936309], [22.986214539867554, 36.988448920743444], [22.986379679120102, 36.98891118679536], [22.986589351035217, 36.98935503199755], [22.986841534703775, 36.98977617837685], [22.98713379946987, 36.99017056674127], [22.987463328358547, 36.990534395804175], [22.987826945227027, 36.99086415882279], [22.98822114537775, 36.99115667739768], [22.988642129338178, 36.991409132107584], [22.989085839481763, 36.99161908968417], [22.989547999137123, 36.991784526465], [22.99002415380845, 36.99190384789838], [22.990509714109876, 36.991975903912454], [22.991, 36.992000000000004], [23.005528319859128, 36.992000000000004], [22.995397347461076, 37.030835394192536], [22.95994232829274, 37.08007847637077], [22.959671523323664, 37.080497143699205], [22.95944376378484, 37.080940701199026], [22.959261314678045, 37.081404737821074], [22.9591259904061, 37.08188463885733], [22.959039136729174, 37.08237563183282], [22.9590016173816, 37.08287283396649], [22.95901380548227, 37.08337130072905], [22.959075579824113, 37.083866075014825], [22.959186326079415, 37.08435223643875], [22.959344942909173, 37.084824950268136], [22.95954985291557, 37.08527951550268], [22.95979901832872, 37.085711411624516], [22.960089961271716, 37.08611634355348], [22.960419788402373, 37.086490284360366], [22.960785219686677, 37.086829515313596], [22.96118262101774, 37.087130662860886], [22.961608040355962, 37.08739073217827], [22.96182711645878, 37.08749627182686], [22.9537639320225, 37.091527864045], [22.95332588822969, 37.09177517737178], [22.95291491139468, 37.09206525371881], [22.952535161363272, 37.09239515697686], [22.952190481908275, 37.09276154791469], [22.951884361823364, 37.09316071797825], [22.95161989961008, 37.09358862682808], [22.95139977211523, 37.09404094323507], [22.951226207436264, 37.09451308892047], [22.9511009623688, 37.09500028489654], [22.9510253046246, 37.09549759983877], [22.951, 37.096], [22.951, 37.118708977569824], [22.90328256656011, 37.11600799077134], [22.90278805143315, 37.11600449423932], [22.902295609650118, 37.11604986523063], [22.901810058423013, 37.116143659912716], [22.90133614755838, 37.116284960758115], [22.90087851299326, 37.11647238551992], [22.900441631445098, 37.11670410075336], [22.90002977661916, 37.116977839751094], [22.899646977401854, 37.11729092471682], [22.899296978449, 37.11764029296027], [22.898983203554465, 37.11802252685736], [22.8987087221576, 37.11843388728242], [22.89847621931708, 37.118870350185404], [22.898287969444844, 37.11932764595635], [22.89814581405715, 37.11980130119203], [22.898051143760277, 37.120286682456005], [22.898004884647236, 37.12077904160438], [22.898007489238427, 37.12127356223351], [22.90191077773872, 37.19250857736383], [22.814944851619284, 37.3130749749385], [22.814662740093187, 37.313512395429186], [22.814427631209604, 37.31397677395118], [22.81424207283034, 37.31446307806047], [22.814108075841144, 37.314966037706675], [22.814027092359883, 37.31548020234431], [22.814, 37.316], [22.814, 37.341748542209494], [22.754685806544835, 37.39425618887473], [22.75434430880192, 37.394588853291886], [22.754036046603403, 37.39495252998873], [22.753763822500545, 37.39534391261569], [22.75353011140596, 37.39575944293603], [22.753337038093065, 37.396195343175435], [22.753186357878782, 37.39664765036738], [22.753079440665196, 37.39711225238233], [22.753017258485112, 37.39758492531295], [22.753000376664897, 37.39806137187554], [22.753028948684822, 37.39853726047862], [22.753102714783715, 37.39900826460335], [22.759724946990897, 37.431173392466796], [22.725645878454518, 37.491542028159806], [22.72543912433396, 37.491950997032966], [22.72527068208083, 37.49237717776099], [22.72514196662896, 37.49281699037795], [22.72505405920259, 37.493266740408494], [22.725007698233973, 37.49372264990189], [22.721007698233972, 37.56572264990189], [22.721004724437506, 37.56621730636154], [22.721050643170713, 37.56670983587991], [22.721145004992316, 37.567195417699125], [22.721286886311994, 37.56766929906367], [22.721474898430255, 37.56812684173918], [22.72170720113069, 37.5685635674104], [22.72198152069155, 37.56897520151377], [22.72229517214038, 37.56935771507585], [22.722645085533884, 37.569707364147895], [22.723027836005752, 37.57002072645069], [22.723439677288415, 37.57029473487105], [22.775439677288414, 37.60129473487105], [22.77588923695142, 37.60153262389271], [22.776360638374822, 37.601723610214854], [22.77684900358951, 37.601865717548634], [22.777349279088416, 37.601957475395324], [22.777856288119175, 37.601997934262805], [22.77836478425218, 37.601986675490686], [22.778869505669576, 37.60192381558251], [22.779365229613514, 37.601810005000246], [22.779846826430244, 37.60164642143338], [22.78030931265073, 37.60143475761245], [22.780747902558637, 37.601177203793], [22.78115805771196, 37.600876425091236], [22.78153553390593, 37.60053553390593], [22.829535533905933, 37.55253553390593], [22.829858400662225, 37.552180054139434], [22.830145676171618, 37.55179524043332], [22.83039471050361, 37.55138464244478], [22.830603206477804, 37.55095204767429], [22.83076924085388, 37.550501446528415], [22.83089128207227, 37.550036995510844], [22.83096820438178, 37.54956297888138], [22.83099929822393, 37.549083769136395], [22.83098427677817, 37.548603786675386], [22.830923278607607, 37.54812745902566], [22.83081686638085, 37.54765918000125], [22.83066602168177, 37.54720326917283], [22.830472135955, 37.5467639320225], [22.82558742599744, 37.536994512107384], [22.853980034271842, 37.52077016452202], [22.88248932241307, 37.53732394473305], [22.88290780791906, 37.53754122585834], [22.88334490064548, 37.53771811891824], [22.883796713243367, 37.537853050688106], [22.88425922745041, 37.537944821132236], [22.884728329827936, 37.53799261407658], [22.885199848344413, 37.537996004467495], [22.88566958948001, 37.53795496215205], [22.9022630226834, 37.53571260631375], [22.899132688278183, 37.537903840397405], [22.898747839415233, 37.53820217805435], [22.89839383586511, 37.53853653638214], [22.898074035195798, 37.5389037441391], [22.897791470575992, 37.53930031852115], [22.89754882200684, 37.53972249819469], [22.8973483909033, 37.5401662789712], [22.897192078266237, 37.540627451785184], [22.89708136665227, 37.54110164261533], [22.897017306112364, 37.541584353970165], [22.89700050423257, 37.5420710075448], [22.89703112037132, 37.54255698764409], [22.89710886414801, 37.54303768496055], [22.897232998197104, 37.54350854029153], [22.897402345161748, 37.543965087781324], [22.897615298860458, 37.54440299727776], [22.897869839521064, 37.54481811540187], [22.898163552937344, 37.54520650494081], [22.89849365336672, 37.54556448219063], [22.898857009951804, 37.54588865189454], [22.899250176415194, 37.5461759394455], [22.899669423745895, 37.546423620047406], [22.900110775567367, 37.546629344558696], [22.90057004585169, 37.546791161772866], [22.90104287862221, 37.54690753692479], [22.901524789268052, 37.54697736624735], [22.902011207078687, 37.546999987440124], [22.902497518595105, 37.54697518595105], [22.922497518595105, 37.544975185951046], [22.922972247803383, 37.54490456259098], [22.923438018507277, 37.54478874751607], [22.923890538993422, 37.54462880787183], [22.924325639638862, 37.54442621737719], [22.983325639638863, 37.513426217377194], [22.983777815900925, 37.51315737162407], [22.984199242695315, 37.51284250519537], [22.98458525497221, 37.51248510355431], [22.984931579708316, 37.51208912301425], [22.985234383207796, 37.511658946943726], [22.985490313539938, 37.51119933724405], [23.006992539574608, 37.46729895908992], [23.043250047152423, 37.4911758543241], [23.043674247711376, 37.491426158186506], [23.044121017197295, 37.49163351093957], [23.044586020192366, 37.491795900447634], [23.045064744342163, 37.491911750895], [23.0455525441432, 37.49197993807755], [23.046044686022537, 37.49199980031195], [23.04653639427204, 37.491971144856564], [23.047022897391482, 37.49189424978179], [23.047499474390836, 37.4917698612717], [23.047961500602394, 37.491599186383134], [23.04840449255822, 37.4913838813325], [23.04882415149737, 37.491126035423974], [23.04921640508076, 37.490828150775044], [23.049577446908838, 37.49049311803615], [23.049903773458595, 37.49012418834003], [23.050192218081502, 37.48972494175298], [23.063192218081504, 37.46972494175298], [23.063436990003716, 37.469305020543715], [23.06363983288226, 37.46886331715623], [23.063798829875342, 37.46840400563658], [23.06391247847971, 37.46793142642563], [23.063979704729174, 37.46745004534242], [23.063999873343427, 37.46696441138264], [23.06397279373139, 37.46647911373118], [23.063898721792278, 37.46599873839488], [23.063778357497362, 37.465527824865234], [23.06361283827535, 37.46507082322078], [23.06340372826379, 37.46463205207433], [23.06315300352817, 37.464215657762594], [23.06286303338832, 37.463825575163796], [23.062536558028608, 37.46346549051348], [23.062176662603513, 37.46313880657006], [23.061984978159465, 37.462996144326645], [23.132634366754065, 37.45395959462268], [23.133128348669107, 37.453871019326684], [23.133610962980622, 37.45373337070966], [23.13407734756727, 37.45354803551929], [23.134522803814853, 37.45331688092397], [23.13494284395275, 37.4530422357019], [23.13533323626617, 37.452726866779734], [23.135690047728772, 37.452373951356996], [23.136009683626128, 37.45198704489728], [23.13628892377085, 37.45157004530852], [23.136524954944523, 37.45112715367335], [23.136715399239613, 37.45066283192508], [23.136858338015813, 37.450181757895734], [23.14585833801581, 37.413181757895735], [23.145951677089894, 37.41269346520995], [23.14599606548272, 37.41219831715096], [23.145991064384965, 37.41170120859263], [23.145936723235867, 37.4112070537897], [23.145833579234488, 37.41072073779704], [23.145682652029123, 37.410247068177554], [23.145485433637408, 37.40979072747621], [23.145243873696696, 37.409356226929845], [23.144960360190588, 37.40894786187062], [23.14463769584208, 37.408569669263684], [23.144279070406764, 37.40822538779906], [23.143888029139923, 37.40791842093217], [23.143468437749288, 37.407651803238366], [23.143024444179904, 37.40742817041411], [23.142560437608868, 37.4072497332213], [23.142081005055356, 37.40711825563243], [23.141590886034827, 37.407035037392504], [23.141094925705705, 37.40700090117017], [23.140598026971695, 37.40701618442511], [23.140105102013283, 37.407080736072], [23.139621023727486, 37.407193917974084], [23.13915057755597, 37.40735461125163], [23.13869841417772, 37.407561227342754], [23.116105035182642, 37.41927631274761], [23.099421923764233, 37.38766620690221], [23.09917566040819, 37.387249752710126], [23.098890299552938, 37.386859049604276], [23.098568513086203, 37.38649775581183], [23.09821331395562, 37.38616925419499], [23.097828027957913, 37.38587662057661], [23.097416262598852, 37.38562259494068], [23.09698187331547, 37.385409555777336], [23.0965289273769, 37.38523949781261], [23.096061665801745, 37.38511401333143], [23.095584463648624, 37.38503427726877], [23.09510178905167, 37.38500103620848], [23.09461816138455, 37.385014601392896], [23.094138108944698, 37.38507484580863], [23.09366612655403, 37.38518120537581], [23.09320663347305, 37.38533268422967], [23.0927639320225, 37.385527864045], [23.078, 37.392909830056254], [23.078, 37.35916527294166], [23.122903257601642, 37.35091773583115], [23.12341458818801, 37.350795721036334], [23.123910282110135, 37.350620694997474], [23.12438486003524, 37.35039459242846], [23.12483307604389, 37.35011991263615], [23.125249975617656, 37.34979969189338], [23.12563095040571, 37.34943746987641], [23.125971789164886, 37.349037250537855], [23.138971789164888, 37.33203725053786], [23.13924964214984, 37.33163449076641], [23.139486797550315, 37.33120650124462], [23.13968098419815, 37.3307573807034], [23.139830342424407, 37.330291430239306], [23.139933441868877, 37.32981311212415], [23.139989295178225, 37.32932700707112], [23.13999246057279, 37.32913516207057], [23.162256073759867, 37.327993438317385], [23.16274114611727, 37.32794476515447], [23.163219172716673, 37.32784908423178], [23.163685609164393, 37.32770730514678], [23.164136021249337, 37.32752077573237], [23.164566127097153, 37.327291269243624], [23.164971837876173, 37.32702096750021], [23.16534929666817, 37.32671244014478], [23.165694915134434, 37.32636862021447], [23.166005407628568, 37.32599277625776], [23.166277822431702, 37.325588481261825], [23.16650956981324, 37.32515957868564], [23.166698446650308, 37.324710145921905], [23.166842657371888, 37.324244455534966], [23.16694083102855, 37.323766934643444], [23.166992034325485, 37.323282122833476], [23.16699578049493, 37.32279462900283], [23.166952033923653, 37.322309087546095], [23.16686121049154, 37.321830114297484], [23.16672417361796, 37.32136226265008], [23.16654222605366, 37.320909980268645], [23.166317097496023, 37.32047756680766], [23.166050928145616, 37.32006913303628], [23.165746248360197, 37.31968856175904], [23.1654059545997, 37.319339470903714], [23.165033281890835, 37.319025179127216], [23.16463177307308, 37.31874867426656], [23.152462751510107, 37.31121547044186], [23.169657043783157, 37.30507465177291], [23.196398931454322, 37.307366813573296], [23.18148131080553, 37.338859568276305], [23.18129731987058, 37.339301530218], [23.18115643991338, 37.3397590625772], [23.181059962425707, 37.34022797100795], [23.181008771847647, 37.34070395687619], [23.181003337459654, 37.34118265666675], [23.18104370908051, 37.341659681985035], [23.181129516610607, 37.34213065978688], [23.18125997342479, 37.34259127246765], [23.181433883583576, 37.3430372974431], [23.181649652796736, 37.34346464585916], [23.181905303038654, 37.34386940007576], [23.182198490681536, 37.34424784958113], [23.182526527980176, 37.34459652500721], [23.182886407711397, 37.344912229934494], [23.18327483074222, 37.3451920701946], [23.18368823627409, 37.34543348040207], [23.18412283448584, 37.34563424747208], [23.184574641276207, 37.345792530908454], [23.185039514787366, 37.345906879676164], [23.18551319337467, 37.345976245503344], [23.260766943850683, 37.35333802544122], [23.227690327905815, 37.370565429579166], [23.22726037968682, 37.37081735962105], [23.226857644030588, 37.37111083569883], [23.22648612129779, 37.3714429427238], [23.226149501812085, 37.3718103818873], [23.22585112920429, 37.37220950342761], [23.22559396720017, 37.372636342882984], [23.22538057018186, 37.37308666047047], [23.225213057815253, 37.37355598319958], [23.225093093995447, 37.37403964930235], [23.225021870319306, 37.374532854538515], [23.225000094249374, 37.37503069991592], [23.22502798208667, 37.37552824035202], [23.22510525682218, 37.376020533793245], [23.225231150888376, 37.37650269030427], [23.22540441378344, 37.37696992063956], [23.225623324492467, 37.37741758381484], [23.22588570858224, 37.3778412332058], [23.226188959799806, 37.37823666071631], [23.226530065960326, 37.378599938577295], [23.22690563886698, 37.37892745836114], [23.259905638866982, 37.40492745836114], [23.260307123887774, 37.40521288716253], [23.260734747022145, 37.40545742402586], [23.261184357591947, 37.40565869538027], [23.261651591500332, 37.40581474760689], [23.26213191359141, 37.40592406600151], [23.262620661670244, 37.40598558947684], [23.4460725562184, 37.41994388580115], [23.521, 37.44270665353228], [23.521, 37.45730821776159], [23.476888044451577, 37.48640333737864], [23.393626394360513, 37.5101923802618], [23.39316918429621, 37.510347246636805], [23.392729039238496, 37.51054548125835], [23.39231006177307, 37.51078523638441], [23.3919161571828, 37.511064277260935], [23.39155099704665, 37.51138000295197], [23.39121798501695, 37.51172947058292], [23.390920225093996, 37.51210942277108], [23.390660492693705, 37.512516317987625], [23.390441208778004, 37.51294636356814], [23.390264417289092, 37.51339555106402], [23.39013176609787, 37.51385969360514], [23.390044491644165, 37.51433446492561], [23.39000340741189, 37.51481543968884], [23.390008896346583, 37.51529813473606], [23.390060907285957, 37.51577805087372], [23.390158955436807, 37.51625071481049], [23.39030212689374, 37.516711720852676], [23.390489087157682, 37.51715677196964], [23.390718093574733, 37.5175817198464], [23.3909870115794, 37.517982603549946], [23.391293334590873, 37.51835568644912], [23.3916342073768, 37.51869749104362], [23.392006452666898, 37.519004831377785], [23.392406600768226, 37.519274842736834], [23.392830921906135, 37.519505008348794], [23.411352235286294, 37.52842267775405], [23.371480644872378, 37.551681105495504], [23.37107352363976, 37.551945898852644], [23.37069401233265, 37.55224894074382], [23.370345691461402, 37.55258737211159], [23.370031847269313, 37.55295800001546], [23.369755440728447, 37.55335732775579], [23.36951907960428, 37.553781587863526], [23.369324993852644, 37.55422677764446], [23.36917501458115, 37.55468869694277], [23.369070556773554, 37.555162987767545], [23.369012605940057, 37.55564517540834], [23.369001708819457, 37.556130710651956], [23.36903796822096, 37.55661501270217], [23.369121042054196, 37.55709351239732], [23.369250146556695, 37.55756169531827], [23.369424063688303, 37.558015144379766], [23.369641152622837, 37.55844958150357], [23.36989936522849, 37.55886090798012], [23.39879519592181, 37.6002782653072], [23.3947500315194, 37.631830547646], [23.322309376108752, 37.61434487220205], [23.362375067310357, 37.57768902706015], [23.362722896190924, 37.577337670437835], [23.36303432461687, 37.57695367988884], [23.363306307610383, 37.57654080986396], [23.36353618586964, 37.57610309718179], [23.363721711770026, 37.57564482155895], [23.363861071340164, 37.57517046376528], [23.363952901997955, 37.57468466181336], [23.363996305873158, 37.574192165610505], [23.364996305873156, 37.54819216561051], [23.36499067489806, 37.54769477211487], [23.364935649816633, 37.54720039954505], [23.364831775227508, 37.54671394084473], [23.36468007920656, 37.54624021063184], [23.364482063131778, 37.545783897546876], [23.364239686823673, 37.54534951784817], [23.3639553491484, 37.544941370713175], [23.36363186427553, 37.54456349568833], [23.36327243382538, 37.54421963270852], [23.362880615181723, 37.5439131850819], [23.36246028628334, 37.5436471858064], [23.33946028628334, 37.530647185806394], [23.339034466882822, 37.53043262170357], [23.338590145233518, 37.53025959515058], [23.33813136217274, 37.53012967971955], [23.33766229005561, 37.53004405691293], [23.337187194810028, 37.530003505418485], [23.33671039714059, 37.53000839402758], [23.336236233234427, 37.530058678281286], [23.33576901532617, 37.53015390087464], [23.3353129924808, 37.53029319581561], [23.334872311950953, 37.53047529630076], [23.166872311950954, 37.60947529630076], [23.166432232176852, 37.60970971231659], [23.16601768845072, 37.60998679457004], [23.16563280334485, 37.61030378752159], [23.165281404481203, 37.61065753872609], [23.164966986466332, 37.61104453018333], [23.16469267613804, 37.61146091332401], [23.164461201469482, 37.61190254728316], [23.164274864439914, 37.61236504008036], [23.164135518141844, 37.61284379229735], [23.164044548352333, 37.61333404281846], [23.164002859751662, 37.61383091617921], [23.16401086692642, 37.614329471052024], [23.17076760277428, 37.71664575674817], [23.119216492171837, 37.736328908069105], [23.11877051765487, 37.73652457728558], [23.11834569465713, 37.73676270568088], [23.117946053554466, 37.73704103408605], [23.117575385817347, 37.73735692194704], [23.117237208040457, 37.73770737237617], [23.11693472858011, 37.73808906058417], [23.116670817115953, 37.73849836542307], [23.116447977425793, 37.738931403740715], [23.11626832363177, 37.73938406722097], [23.11613356014329, 37.73985206136007], [23.11604496548697, 37.74033094620941], [23.116003380177013, 37.74081617849818], [23.11600919874109, 37.74130315473617], [23.11606236597739, 37.741787254888045], [23.116162377478314, 37.74226388620441], [23.116308284415915, 37.74272852679414], [23.123308284415916, 37.76172852679414], [23.123496468161218, 37.762172142025065], [23.12372648207843, 37.76259558174096], [23.123996189728413, 37.76299491290509], [23.12430308598457, 37.763366426408304], [23.124644320301243, 37.76370667152029], [23.125016723190427, 37.764012487941095], [23.125416835660953, 37.764281035154895], [23.125840941346635, 37.76450981881358], [23.126285101025022, 37.76469671390502], [23.12674518920608, 37.76483998449083], [23.177, 37.77786900951148], [23.177, 37.806211399646266], [23.112648906420528, 37.84595766332771], [23.013148449379973, 37.84300220420769], [23.012642598374107, 37.8430127899505], [23.01214040712226, 37.84307444418522], [23.011647018008585, 37.843186535579136], [23.01116748328427, 37.843347916328504], [23.01070671333308, 37.84355693391189], [23.010269426389502, 37.84381144801183], [23.00986010022459, 37.84410885243143], [23.009482926294023, 37.8444461017816], [23.009141766818097, 37.844819742665436], [23.008840115232967, 37.84522594904067], [23.008581060418265, 37.84566056139791], [22.990581060418265, 37.879660561397905], [22.99036493211616, 37.88012486114855], [22.9901974322953, 37.88060883378356], [22.990080318268, 37.88110740173884], [22.990014818727655, 37.88161533432456], [22.99000162085798, 37.88212730260254], [22.990040863123475, 37.882637935294426], [22.990132133816733, 37.883141875134065], [22.990274475377845, 37.883633835072885], [22.99046639444056, 37.88410865374858], [23.01046639444056, 37.927108653748576], [23.010701685563593, 37.92755430871387], [23.010980642448143, 37.92797401494117], [23.011300431224097, 37.928363508714476], [23.011657803217908, 37.92871883324038], [23.012049127955237, 37.92903637884439], [23.012470430042264, 37.92931291964091], [23.012917429550953, 37.929545646304405], [23.013385585498032, 37.929732194608825], [23.01387014197599, 37.929870669445314], [23.01436617646742, 37.92995966407426], [23.014868649851962, 37.92999827441609], [23.01537245759776, 37.929986108235674], [23.01587248161743, 37.92992328912692], [23.093301471497746, 37.916201695983574], [23.224859568276305, 37.978518689194466], [23.22526720919541, 37.978690142431475], [23.225688405205457, 37.97882490612291], [23.226119861419257, 37.97892192605376], [23.2265582026872, 37.978980443266856], [23.227, 37.979], [23.408266155818485, 37.979], [23.40965232403202, 37.97941585046406], [23.393854803331372, 37.98313291415833], [23.39338052229824, 37.98326953575497], [23.392922021971415, 37.983452252501216], [23.39248377012405, 37.98367928394691], [23.392070037221668, 37.983948417825395], [23.391684854809387, 37.98425703161045], [23.391331976227264, 37.984602118071116], [23.39101484003654, 37.984980314575054], [23.390736536513227, 37.98538793585512], [23.390499777535453, 37.9858210099198], [23.390306870158074, 37.986275316757535], [23.39015969413199, 37.98674642945786], [23.390059683587257, 37.98722975734863], [23.39000781305846, 37.98772059072901], [23.390004587988543, 37.98821414676229], [23.39005003980362, 37.98870561608133], [23.390143725606727, 37.98919020965264], [23.390284732493576, 37.98966320544218], [23.390471686448176, 37.990119994428376], [23.390702765731664, 37.99055612551395], [23.390975718633943, 37.990967348898735], [23.391287885415032, 37.991349657491156], [23.391636224222434, 37.991699325954585], [23.39201734073191, 37.992012947008185], [23.392427521222864, 37.99228746462856], [23.447427521222863, 38.02528746462856], [23.44792183661028, 38.02554766279815], [23.448442091698773, 38.02575109689703], [23.448981792647892, 38.025895227654374], [23.573981792647892, 38.05189522765437], [23.574453723273574, 38.05197006858485], [23.57493064292836, 38.05199951893652], [23.575408196006524, 38.051983309745566], [23.575882021117415, 38.05192158904708], [23.57634779091713, 38.05181492052309], [23.576801251629185, 38.05166427835451], [23.577238261893392, 38.05147103832421], [23.577654830588003, 38.05123696525227], [23.578047153279762, 38.05096419687826], [23.578411646969013, 38.05065522433768], [23.578744982812452, 38.050312869411016], [23.601744982812452, 38.02431286941102], [23.602048979672947, 38.02393355818215], [23.602314707019087, 38.023526520005746], [23.6025396532906, 38.02309560206173], [23.60272169237541, 38.022644877233105], [23.602859103704898, 38.02217860561048], [23.602950588516094, 38.02170119422723], [23.60299528212714, 38.02121715540578], [23.602992762109935, 38.020731064108745], [23.60294305228278, 38.02024751469801], [23.602846622485266, 38.019771077510455], [23.602704384137507, 38.019306255660744], [23.60251768162573, 38.01885744247953], [23.602288279595605, 38.0184288799892], [23.602018346273447, 38.01802461880986], [23.60171043297292, 38.017648479874225], [23.601367449980916, 38.017304018313624], [23.56050678041789, 37.980075408267304], [23.56337814435572, 37.9775629648217], [23.643198572152485, 37.957854217217566], [23.64366292939026, 37.95771536486849], [23.644111661236686, 37.95753220551404], [23.644540551270566, 37.957306460175325], [23.64494556951044, 37.95704025002434], [23.64532291028149, 37.9567360764528], [23.64566902797483, 37.95639679756829], [23.645980670363127, 37.9560256013386], [23.646254909159524, 37.95562597563664], [23.64648916753271, 37.95520167546729], [23.64668124431962, 37.95475668768426], [23.646829334708226, 37.95429519352837], [23.646932047196103, 37.95382152933936], [23.64698841666541, 37.9533401458103], [23.646997913451436, 37.95285556616754], [23.646960448319483, 37.9523723436691], [23.646876373303353, 37.95189501882082], [23.646746478397517, 37.95142807671247], [23.6465719841341, 37.95097590487439], [23.64635453011438, 37.950542752050985], [23.646096159602596, 37.95013268827819], [23.63835671983033, 37.93907634574638], [23.69649534392436, 37.94497446703128], [23.696967714064233, 37.944999895760745], [23.69744037320219, 37.944980569389415], [23.69790909046856, 37.94491666091163], [23.69836967027817, 37.94480874238539], [23.698817989885907, 37.94465777981175], [23.699250036290266, 37.944465124487905], [23.699661942154542, 37.9442325009115], [23.700050020424175, 37.943961991344274], [23.70041079733033, 37.94365601717329], [23.700741043484324, 37.94331731723662], [23.70103780278454, 37.94294892330743], [23.701298418877123, 37.94255413295597], [23.78139749136156, 37.80775325487241], [23.80298572532579, 37.813150313363465], [23.808192380261794, 37.831373605639484], [23.808352005127624, 37.8318428628995], [23.808557307228604, 37.83229400979487], [23.80880626899961, 37.83272261277018], [23.8090964438189, 37.83312445981587], [23.809424980051762, 37.83349560186087], [23.809788649074427, 37.83383239158135], [23.810183877002686, 37.83413151924405], [23.810606779813533, 37.834390045232006], [23.811053201514618, 37.834605428933045], [23.811518754986423, 37.83477555370714], [23.811998865095802, 37.83489874768728], [23.81248881365718, 37.83497380020939], [23.812983785799567, 37.8349999737099], [23.81347891728375, 37.834977010974], [23.813969342304613, 37.834905137663355], [23.814450241308858, 37.83478506009848], [23.814916888358205, 37.8346179583175], [23.867916888358206, 37.8126179583175], [23.868355548339913, 37.812410373228914], [23.868772017723153, 37.8121612399285], [23.86916237313064, 37.81187290539293], [23.869522937193516, 37.811548085896725], [23.86985031319425, 37.81118984142336], [23.87014141706564, 37.81080154683852], [23.890544080792633, 37.78064108741601], [23.900519305308215, 37.78634121571062], [23.900958278270668, 37.78656413982914], [23.901417047148318, 37.786742811430926], [23.901891163857144, 37.78687549817027], [23.902376031505202, 37.78696091355674], [23.90286694896271, 37.786998229428654], [23.90335915644276, 37.78698708398261], [23.903847881650773, 37.786927585281475], [23.90432838605523, 37.78682031020664], [23.904796010831028, 37.78666629886471], [23.905246222030044, 37.78646704450299], [23.905674654540917, 37.7862244790314], [23.906077154411847, 37.785940954291235], [23.906449819126056, 37.785619219252474], [23.9067890354394, 37.78526239336055], [23.90709151441329, 37.78487393629119], [23.90735432330326, 37.78445761440642], [23.90757491399395, 37.78401746423709], [23.907751147704865, 37.78355775334585], [23.926232418086936, 37.727189878680534], [23.94156326057217, 37.731789131426105], [23.94202760716229, 37.731904533838104], [23.94250085836096, 37.731975023379256], [23.942978680408707, 37.73199995454729], [23.943456697688884, 37.73197909903707], [23.943930532797012, 37.73191264783123], [23.94439584662652, 37.7318012094513], [23.944848378103753, 37.7316458043852], [23.945283983208405, 37.73144785574223], [23.945698672922063, 37.731209176221036], [23.946088649757304, 37.73093195150996], [23.946450342532888, 37.73061872027183], [23.946780439076555, 37.730272350896286], [23.94707591655598, 37.72989601523281], [23.94733406916011, 37.72949315954471], [23.947552532877406, 37.72906747295028], [23.947729307144098, 37.72862285363998], [23.94786277316417, 37.72816337317909], [23.947951708733374, 37.72769323922267], [23.954507785313528, 37.680864120792975], [24.03162091234199, 37.65763727530248], [24.066041464456802, 37.691175249157936], [24.054412221873452, 37.71801196281183], [24.05423504467752, 37.71848500799515], [24.05410650118949, 37.71897351600523], [24.054027903393635, 37.71947250086543], [24.054000053501518, 37.71997686966674], [24.05402323576418, 37.72048147454872], [24.05409721357093, 37.72098116524138], [24.054221231864304, 37.7214708416316], [24.054394024846616, 37.721945505817615], [24.054613828899345, 37.72240031312036], [24.054878400583604, 37.72283062153082], [24.055185039537864, 37.72323203908892], [24.055530616039324, 37.72360046871024], [24.055911602947543, 37.72393215000303], [24.056324111704335, 37.724223697648874], [24.056763932022502, 37.724472135955], [24.061121529979147, 37.72665093493332], [24.057030403507106, 37.72840427484991], [24.056597924937805, 37.728614793574344], [24.05618767573285, 37.72886589402453], [24.05580345243433, 37.72915525245817], [24.055448810734493, 37.729480191084654], [24.055127032570564, 37.72983770284595], [24.054841095752916, 37.73022447924461], [24.054593646407735, 37.730636940961396], [24.05438697448912, 37.73107127097912], [24.054222992587338, 37.73152344990625], [24.054103218229255, 37.73198929317323], [24.05402875983479, 37.73246448975754], [24.054000306459336, 37.73294464207886], [24.054018121417087, 37.73342530669533], [24.054082039844253, 37.73390203542418], [24.05419147022477, 37.73437041650628], [24.054345399864296, 37.734826115433556], [24.054542404261955, 37.73526491506157], [24.054780660292984, 37.73568275463596], [24.05505796308035, 37.73607576737159], [24.05537174639922, 37.73644031623669], [24.055719106425375, 37.736773027610816], [24.077341724123183, 37.75557530386978], [24.081694240461474, 37.78343140843483], [24.049273793432373, 37.81966602570265], [24.04897058657515, 37.82003962376519], [24.048704693683597, 37.82044063608522], [24.048478577031297, 37.8208653491297], [24.048294330548085, 37.82130982988746], [24.04815366042944, 37.82176996229049], [24.04805786933642, 37.82224148533032], [24.048007844332528, 37.8227200325167], [24.04800404866912, 37.82320117231295], [24.048046517495557, 37.82368044917383], [24.04813485753366, 37.824153424805615], [24.048268250719662, 37.82461571926646], [24.060866869959533, 37.861511675611794], [24.00973158479665, 37.887544184422], [24.00930172070026, 37.88779057143776], [24.00889835259522, 37.88807829330821], [24.008525441390177, 37.88840452472309], [24.008186648919562, 37.88876606222427], [24.0078853019859, 37.88915935566239], [24.007624359691963, 37.8895805430579], [24.007406384383593, 37.890025488524046], [24.007233516488537, 37.890489822879616], [24.007107453498328, 37.89096898655249], [24.0070294332996, 37.89145827435276], [24.00700022201858, 37.89195288167575], [24.007020106498004, 37.892447951681284], [24.00708889148048, 37.89293862298581], [24.00720590152581, 37.89342007739922], [24.007369987643546, 37.89388758723748], [24.007579538575595, 37.894336561746535], [24.007832496618114, 37.89476259218163], [24.008126377827317, 37.895161495099366], [24.00845829641077, 37.8955293534374], [24.0088249930647, 37.89586255497836], [24.009222866978998, 37.89615782782035], [24.009648011195708, 37.89641227250569], [24.010096250973728, 37.89662339049238], [24.034527539877267, 37.90668333298207], [24.009560893211678, 37.92063528258931], [24.009151809923654, 37.92089052153077], [24.008769214353755, 37.92118397797333], [24.00841666458039, 37.92151292281838], [24.008097439260805, 37.92187429693078], [24.00781450714008, 37.92226473958834], [24.007570499442277, 37.92268061973598], [24.00736768540047, 37.923118069753954], [24.007207951153234, 37.92357302142616], [24.007092782203852, 37.92404124377385], [24.00702324960538, 37.92451838240311], [24.007, 37.925], [24.007, 37.967], [24.00702238986405, 37.96747264927218], [24.0070893589338, 37.96794106552319], [24.0072003074379, 37.968401053642545], [24.007354241727576, 37.96884849400166], [24.00754978317571, 37.969279379349025], [24.027148906525188, 38.007544334459915], [24.004956319578486, 38.038059141511624], [24.004689520566863, 38.03846627407628], [24.00446357432025, 38.0388974201437], [24.00428062225448, 38.0393484935074], [24.004142398306083, 38.03981521909904], [23.984142398306084, 38.12181521909904], [23.984048131116047, 38.122307905673956], [23.984003704756546, 38.12280755821603], [23.98400956638131, 38.12330914769517], [23.98406565699277, 38.123807625585876], [23.984171412035856, 38.12429797468099], [23.984325767080293, 38.124775259590116], [23.984527168534136, 38.12523467641459], [23.984773589280756, 38.125671601099015], [23.9850625490819, 38.12608163597258], [23.985391139541395, 38.12646065401193], [23.98575605337834, 38.126804840379805], [23.986153617715047, 38.12711073082163], [23.986579831044775, 38.12737524653341], [23.987030403507106, 38.12759572515009], [24.036030403507105, 38.14859572515009], [24.03647960329363, 38.148763233550355], [24.036942780969657, 38.14888695077956], [24.03741567827394, 38.1489657394334], [24.037893947587047, 38.14899887516204], [24.038373191901552, 38.1489860533295], [24.038849005246266, 38.14892739181432], [24.03931701319291, 38.14882342992586], [24.039772913072753, 38.14867512344612], [24.04021251353355, 38.148483835842654], [24.04063177307308, 38.14825132573344], [24.057409494613072, 38.13786511716107], [24.075547035633086, 38.166720296056546], [24.064710425512267, 38.20193927894921], [23.948719412583525, 38.286475101931174], [23.78147293002116, 38.338925182261384], [23.710483829870302, 38.33202346419117], [23.7100084902094, 38.33200000720837], [23.709533073627878, 38.33202184976493], [23.709061887362363, 38.332088793968985], [23.70859920032317, 38.33220023331136], [23.708149204418287, 38.332355158160425], [23.707715976575038, 38.33255216490929], [23.670715976575035, 38.351552164909286], [23.670278037333507, 38.35180584701731], [23.669867986819664, 38.35210250164359], [23.66949002633547, 38.352439089319525], [23.669148028394375, 38.35281216142983], [23.621979231527988, 38.409807790976714], [23.59219502948721, 38.42133715950863], [23.591739769575614, 38.421540027082074], [23.591306968835955, 38.421787211950566], [23.590900927867906, 38.42207625791876], [23.590525681368035, 38.42240429283123], [23.590184958038314, 38.422768057112116], [23.58988214353526, 38.423163936154495], [23.589620246827735, 38.423587996237565], [23.589401870297838, 38.42403602361469], [23.589229183881862, 38.42450356638407], [23.589103903508356, 38.42498597872582], [23.589027274047496, 38.42547846706598], [23.58900005694122, 38.42597613770866], [23.58902252263703, 38.426474045463145], [23.59061893950687, 38.44323642259647], [23.571737890514264, 38.44816191363802], [23.57127283485153, 38.448307782981374], [23.57082419103224, 38.44849823864073], [23.570396222153136, 38.44873147087112], [23.56999299485385, 38.44900526345662], [23.569618340674932, 38.449317014769356], [23.56927581964985, 38.44966376249054], [23.568968686476882, 38.45004221175905], [23.568699859592382, 38.45044876647977], [23.56847189343924, 38.450879563494375], [23.56828695419411, 38.45133050928976], [23.56814679918398, 38.45179731889539], [23.568052760187744, 38.452275556599844], [23.56800573078138, 38.452760678099786], [23.56800615784702, 38.45324807368079], [23.568054037326608, 38.45373311201969], [23.56814891426046, 38.45421118419227], [23.56828988711035, 38.45467774746811], [23.568475616326133, 38.45512836847647], [23.56870433707436, 38.45555876533299], [23.568973876008087, 38.45596484832694], [23.56928167191839, 38.456342758782434], [23.56962480007147, 38.456688905724256], [23.57, 38.457], [23.592817467934076, 38.474113100950554], [23.56436546855098, 38.49670733575478], [23.5438577624802, 38.50610670103722], [23.52229252303934, 38.487237116526465], [23.521905824341175, 38.48693107079218], [23.52149085779839, 38.48666460758083], [23.521051660203433, 38.486440319045194], [23.520592504068304, 38.48626038706301], [23.520117856061585, 38.48612656201173], [23.519632333556707, 38.486040145740745], [23.519140659714157, 38.486001978907126], [23.518647617534615, 38.48601243279764], [23.334647617534618, 38.499012432797635], [23.334159334891908, 38.49907117841913], [23.333679185549183, 38.499177609598284], [23.333211814874268, 38.49933069663053], [23.332761744603417, 38.499528958423404], [23.33233332909426, 38.49977047682587], [23.33193071319809, 38.50005291518616], [23.33155779215907, 38.50037354095848], [23.3312181739284, 38.50072925213993], [23.330915144257943, 38.501116607281936], [23.330651634911124, 38.501531858785675], [23.330430195298582, 38.501970989159496], [23.330252967813017, 38.50242974988752], [23.33012166710191, 38.50290370253333], [23.330037563478566, 38.503388261681174], [23.330001470632038, 38.503878739299054], [23.330013737754822, 38.504370390094756], [23.330074246164475, 38.50485845742575], [23.33018241045185, 38.50533821931893], [23.33518241045185, 38.52333821931893], [23.335340019035442, 38.52381234031296], [23.3355441586814, 38.52426836464076], [23.33579279100487, 38.524701738786646], [23.336083433350613, 38.525108135402604], [23.336413183582934, 38.52548349651791], [23.336778749064216, 38.525824074058995], [23.33717647953272, 38.5261264672749], [23.337602403551355, 38.526387656694574], [23.338052268163462, 38.52660503427706], [23.338521581359643, 38.526776429453456], [23.367942553171613, 38.53588292072859], [23.307304438902452, 38.563372199197275], [23.287543646560636, 38.551695367358924], [23.28711221316741, 38.55146805168438], [23.286660687795177, 38.55128384520536], [23.286193365483108, 38.55114450014687], [23.285714691535414, 38.55105134199916], [23.28522921923633, 38.551005256909335], [23.28474156653796, 38.55100668325201], [23.28425637213299, 38.55105560745941], [23.28377825133012, 38.5511515641504], [23.283311752151906, 38.55129364055735], [23.282861312072676, 38.551480485208614], [23.282431215807986, 38.55171032078415], [23.282025554557176, 38.551980961021876], [23.281648187086713, 38.552289831514024], [23.281302703024487, 38.55263399419566], [23.28099238871424, 38.553010175292385], [23.280720195954917, 38.55341479646145], [23.28048871392232, 38.55384400882995], [23.280300144540103, 38.5542937296064], [23.28015628153445, 38.55475968091747], [23.280058493371637, 38.555237430500306], [23.280007710240795, 38.555722433863494], [23.28000441520566, 38.55621007751559], [23.280048639609557, 38.556695722849945], [23.280139962777238, 38.5571747502685], [23.28027751601647, 38.557642603124705], [23.288277516016468, 38.58064260312471], [23.288458338156744, 38.58109124549049], [23.288681666004287, 38.58152031575432], [23.288945409419316, 38.58192579821981], [23.28924710001013, 38.582303897950304], [23.289583914234957, 38.582651076285956], [23.289952699827655, 38.58296408396223], [23.290350005299985, 38.583239991520024], [23.32778251286168, 38.606635308746085], [23.326165736013955, 38.62765340776658], [23.303502023467466, 38.64850402330934], [23.18721657340525, 38.68075124895685], [23.181019187945974, 38.67846800168238], [23.198105556532276, 38.670535044838736], [23.198547420021228, 38.670302400636324], [23.198963873844495, 38.670026841421496], [23.19935076401399, 38.6697111158056], [23.199704231429212, 38.66935837304641], [23.20002075037051, 38.668972131635385], [23.200297163666928, 38.66855624420187], [23.200530714187966, 38.66811485908442], [23.200719072345017, 38.667652378952454], [23.200860359328235, 38.66717341689116], [23.200953165847054, 38.666682750387466], [23.200996566187385, 38.6661852736762], [23.200990127445294, 38.66568594892177], [23.200933913845088, 38.66518975672218], [23.200828486098697, 38.66470164642923], [23.200674895812746, 38.66422648678043], [23.200474674999153, 38.6637690173349], [23.200229820793805, 38.66333380119789], [23.199942775535785, 38.66292517950533], [23.19961640240588, 38.66254722812239], [23.19925395686728, 38.66220371698817], [23.185253956867278, 38.65020371698817], [23.184855627666153, 38.64989568633847], [23.184428336799623, 38.64962928147926], [23.18397641783514, 38.64940720427834], [23.18350445411737, 38.6492317070341], [23.183017232284094, 38.6491045696328], [23.106017232284096, 38.63310456963279], [23.105541931922506, 38.63302945578519], [23.10506161213274, 38.6330003796199], [23.104580721685178, 38.6330176104433], [23.1041037146357, 38.63308098866176], [23.103635009071745, 38.63318992725982], [23.10317894619157, 38.6333434172372], [23.10273975009561, 38.63354003695422], [23.10232148866244, 38.633777965299224], [23.101928035871683, 38.63405499855585], [23.101563035922812, 38.63436857081411], [23.101229869482193, 38.6347157777361], [23.10093162237104, 38.635093403456246], [23.100671056984197, 38.63549795036701], [23.038932277493792, 38.74231583869168], [22.944436600782872, 38.75303184326715], [22.943909854053608, 38.75312028875695], [22.94339554740365, 38.753264418529255], [22.942899549786173, 38.7534625878632], [22.942427521222864, 38.75371253537144], [22.914640121425624, 38.77038497524979], [22.869004094170098, 38.75041921332549], [22.86853819152286, 38.75024248312258], [22.868057011628707, 38.75011300435679], [22.867565333544047, 38.750032063005236], [22.867068040592827, 38.75000046297367], [22.866570071865592, 38.75001851811213], [22.866076373164667, 38.750086049097824], [22.86559184788266, 38.750202385216134], [22.865121308302218, 38.75036637102212], [22.864669427800646, 38.75057637781636], [22.864240694434148, 38.75083031982111], [22.86383936636264, 38.751125674896144], [22.827392587648877, 38.78085857332053], [22.77839095622659, 38.77701530811093], [22.777877601227637, 38.77700149837045], [22.777365537408752, 38.7770404176365], [22.776860166511984, 38.777131655351184], [22.776366819676, 38.77727424905128], [22.775890701198097, 38.77746669452117], [22.775436833634277, 38.77770696166082], [22.77501000481647, 38.777992515901154], [22.774614717345894, 38.778320344941186], [22.701466287812153, 38.84561690011223], [22.5939376121255, 38.82508869839023], [22.5934592688533, 38.82502113746721], [22.592976638273942, 38.82500005457732], [22.592494225777944, 38.825025646530825], [22.592016534720006, 38.825097674425024], [22.59154802437986, 38.82521546587445], [22.591093068334608, 38.82537792128761], [22.59065591363103, 38.82558352413175], [22.59024064113914, 38.82583035508982], [22.58985112745696, 38.82611610997739], [22.589491008722202, 38.82643812125244], [22.58916364666867, 38.82679338291697], [22.588872097244238, 38.82717857857828], [22.588619082083355, 38.82759011240768], [22.58840696310041, 38.82802414270783], [22.588237720441075, 38.82847661777526], [22.588112933997525, 38.828943313723265], [22.58803376866001, 38.82941987391224], [22.58803291252038, 38.82943245235359], [22.58588341598799, 38.82791516068367], [22.585453753945814, 38.827643500077656], [22.584998729023884, 38.827416869815394], [22.58452304452279, 38.827237612428455], [22.584031617287934, 38.827107580785416], [22.58352952688725, 38.827028118939914], [22.583021963106976, 38.82700004823804], [22.58251417230816, 38.82702365882864], [22.582011403198393, 38.82709870666417], [22.581518852579304, 38.827224416023334], [22.581041611630518, 38.82739948752917], [22.580584613285442, 38.82762211157986], [22.551584613285442, 38.84362211157986], [22.551172486476776, 38.84387626779773], [22.55078687539883, 38.84416909536827], [22.550431396218045, 38.8444978482261], [22.550109382531286, 38.844859443407266], [22.549823854104204, 38.84525048996055], [22.5495774885526, 38.84566732074694], [22.549372596232402, 38.84610602682922], [22.549211098573707, 38.84656249412897], [22.549094510062083, 38.84703244200742], [22.5490239240361, 38.84751146340823], [22.54900000243425, 38.847995066185796], [22.549022969587476, 38.848478715231465], [22.549092610115427, 38.8489578750027], [22.54920827094625, 38.84942805205628], [22.549368867440943, 38.84988483718673], [22.54957289356484, 38.85032394677472], [22.549818436010806, 38.85074126295789], [22.550103192141812, 38.85113287224705], [22.55042449158445, 38.85149510222602], [22.550779321271087, 38.85182455599058], [22.556857854367358, 38.85694332070323], [22.525620173672944, 38.85303861061643], [22.525123188588356, 38.853001517773194], [22.524624979649513, 38.853014083861844], [22.524130496463652, 38.85307618404077], [22.523644651623375, 38.853187201357], [22.523172271901046, 38.85334603287546], [22.52271805029573, 38.85355110063642], [22.5222864994092, 38.85380036733228], [22.521881906614134, 38.85409135654772], [22.521508291459885, 38.85442117736247], [22.521169365739087, 38.85478655307199], [22.520868496611715, 38.855183853740904], [22.52060867315302, 38.85560913226568], [22.52039247665765, 38.85605816358832], [22.52022205499501, 38.856526486671484], [22.520099101270596, 38.85700944881801], [22.52002483700533, 38.85750225189454], [22.52, 38.858], [22.52, 38.885], [22.520023445158664, 38.88548363406744], [22.520093560764476, 38.885962732583906], [22.52020968926883, 38.8864328025331], [22.520370741611245, 38.8868894355692], [22.520575207432632, 38.88732834935862], [22.520821169239543, 38.88774542773998], [22.521106320386536, 38.888136759325754], [22.521427986708066, 38.88849867418349], [22.521783151596946, 38.88882777825269], [22.522168484294312, 38.8891209851745], [22.522580371125674, 38.8893755452358], [22.52301494939018, 38.88958907115617], [22.523468143585294, 38.889759560476], [22.52393570362708, 38.88988541433561], [22.524413244707805, 38.88996545246952], [22.524896288416894, 38.889998924275034], [22.525380304739794, 38.88998551585143], [22.52586075454071, 38.88992535294376], [22.52633313213091, 38.88981899976359], [22.52679300752338, 38.8896674536978], [22.527236067977498, 38.889472135954996], [22.539150053628433, 38.88351514312953], [22.620010411952524, 38.918587105776126], [22.620479513564074, 38.918763204908274], [22.620963884948104, 38.918891468654635], [22.621458661713422, 38.918970608902285], [22.62195887497083, 38.91899983087034], [22.62245950123411, 38.91897884109164], [22.622955512869382, 38.91890785036003], [22.623441928586022, 38.918787571613336], [22.623913863462235, 38.91861921277361], [22.62436657800281, 38.918404464616344], [22.68927851972443, 38.88352640637786], [22.716088241036367, 38.89462008416211], [22.71654739607569, 38.89478434340731], [22.717020368542087, 38.89490309312645], [22.717502659437276, 38.89497520375107], [22.717989681124422, 38.89499998935207], [22.71847680096655, 38.8949772141644], [22.718959385393017, 38.8949070948297], [22.719432843974865, 38.894790298335565], [22.719892673089788, 38.89462793567103], [22.720334498761407, 38.89442155125867], [22.720754118265283, 38.894173108263736], [22.721147540106017, 38.89388496992022], [22.721511021985027, 38.89355987705134], [22.72184110639799, 38.89320092199832], [22.735139104567903, 38.877243324194424], [22.790795271388788, 38.88290327336265], [22.83298991404088, 38.899781130423484], [22.842256583509748, 38.927581138830085], [22.842433196473486, 38.92803575675124], [22.84265326158511, 38.928471004887186], [22.84291468497267, 38.92888274194604], [22.843214979249172, 38.92926705033873], [22.84355128717953, 38.92962027345403], [22.84392040886651, 38.929939050450365], [22.844318832197096, 38.93022034823358], [22.844742766259465, 38.9304614903161], [22.8451881774127, 38.93066018228315], [22.845650827666006, 38.930814533623646], [22.84612631500228, 38.93092307571796], [22.846610115262354, 38.930984775811545], [22.847097625191388, 38.93099904684135], [22.847584206237837, 38.93096575302162], [22.897581886036033, 38.92508367304536], [22.93584159161641, 38.93613647687969], [22.931527864045, 38.944763932022504], [22.931327669773587, 38.945219738711494], [22.93117379464489, 38.94569319401963], [22.931067764099904, 38.946179604348025], [22.931010629272357, 38.94667414766818], [22.931002956568335, 38.94717192132523], [22.931044822051184, 38.947667990640326], [22.93113581068746, 38.94815743783064], [22.931275020461385, 38.94863541076176], [22.931461071316946, 38.94909717104933], [22.931692118839106, 38.949538141033045], [22.931965872538406, 38.949953949157255], [22.932279618557722, 38.95034047330837], [22.93263024657609, 38.950693881679484], [22.93301428064287, 38.95101067075693], [22.933427913636592, 38.95128770005238], [22.93386704500684, 38.951522223236104], [22.934327321425044, 38.951711915362665], [22.934804179941235, 38.95185489591928], [22.935292893218815, 38.95194974746831], [22.982154242710482, 38.95864422596712], [23.018910967903494, 39.01087746703087], [23.01918426560003, 39.01123112534404], [23.019488053431058, 39.01155896491932], [23.019819903939414, 39.011858366110864], [23.020177165429367, 39.012126936513546], [23.02055698315534, 39.01236253007975], [23.057366376358793, 39.03297579027368], [23.042643847240928, 39.03487547145018], [22.965846678102483, 39.004353519613105], [22.96538878467496, 39.004196743070935], [22.964917878597507, 39.00408497213841], [22.964438372171067, 39.00401925408803], [22.963954758280234, 39.00400020468551], [22.963471568295766, 39.004028002420156], [22.962993329616495, 39.00410238683245], [22.962524523248465, 39.0042226609545], [22.962069541818735, 39.004387697840514], [22.96163264841732, 39.00459595112606], [22.961217936652822, 39.00484546951723], [22.96082929229609, 39.00513391507383], [22.960470356871298, 39.00545858511552], [22.96014449353554, 39.00581643754537], [22.959854755566685, 39.00620411935375], [22.959603857754743, 39.006617998035374], [22.959394150964794, 39.00705419562522], [22.959227600109823, 39.00750862503432], [22.954227600109824, 39.02350862503432], [22.95410085320659, 39.02400081998787], [22.95402472833468, 39.02450333929462], [22.954000012079145, 39.02501099051001], [22.954026959828756, 39.02551852816238], [22.9541052931371, 39.02602070795347], [22.95423420259974, 39.026512340946894], [22.954412356217624, 39.02698834718448], [22.95463791316042, 39.027443808176585], [22.95490854278749, 39.02787401772405], [22.955221448729986, 39.02827453054648], [22.955573397785255, 39.02864120821457], [22.95596075332495, 39.02897026191179], [22.956379512871678, 39.029258291583524], [22.993000000000002, 39.051793975970185], [22.993000000000002, 39.06832428030648], [22.957690712796808, 39.11508522822422], [22.941, 39.123764398878556], [22.941, 39.111], [22.940976622368417, 39.11051706128527], [22.94090670807913, 39.110038638555885], [22.940790910904333, 39.109569205567965], [22.940630313669512, 39.10911315201409], [22.940426418127856, 39.10867474247504], [22.94018113091731, 39.10825807654149], [22.939896745731485, 39.10786705047852], [22.939575921871228, 39.10750532079142], [22.93922165937734, 39.107176270033534], [22.938837270977043, 39.10688297517583], [22.938426351106507, 39.106628178833944], [22.93799274229907, 39.106414263621886], [22.937540499253505, 39.10624322987207], [22.93707385091834, 39.10611667693008], [22.936597160946715, 39.106035788199144], [22.936114886891648, 39.10600132007404], [22.93563153852321, 39.10601359486803], [22.935151635657437, 39.106072497798856], [22.93467966589128, 39.106177478062115], [22.93422004263887, 39.10632755398184], [22.93377706386143, 39.10652132219021], [22.933354871876823, 39.10675697075051], [22.932957414624518, 39.10703229610065], [22.9325884087482, 39.107344723658784], [22.9175884087482, 39.12134472365879], [22.91724895346915, 39.12169399789422], [22.916945091477228, 39.12207464243691], [22.916679706087, 39.122483045390695], [22.9164553155126, 39.1229153314628], [22.91627404897266, 39.12336739873601], [22.898020493688104, 39.17620663771763], [22.878719995027165, 39.183926837182], [22.858015490141167, 39.15602076537913], [22.857701353070524, 39.15563845490178], [22.85735096592503, 39.15528906650972], [22.856967760303885, 39.1549760220206], [22.856555489221783, 39.15470238730952], [22.856118190352873, 39.154470842282606], [22.855660146486827, 39.154283654630724], [22.855185843584348, 39.15414265762032], [22.85469992684286, 39.15404923213888], [22.85420715520264, 39.15400429317093], [22.85371235473906, 39.15400828083684], [22.853220371397224, 39.15406115608247], [22.852736023532113, 39.15416240106162], [22.85226405471885, 39.15431102420769], [22.8518090872954, 39.15450556994483], [22.851375577092597, 39.15474413294344], [22.850967769794924, 39.155024376780496], [22.850589659359404, 39.15534355682184], [22.85024494889982, 39.1556985471024], [22.849937014419414, 39.1560858709411], [22.849668871747195, 39.156501734990485], [22.849443147001704, 39.15694206638786], [22.821443147001705, 39.21894206638786], [22.82125091473276, 39.21943597022903], [22.8211120420935, 39.21994744714894], [22.821028089424953, 39.22047075031058], [22.821, 39.221], [22.821, 39.272], [22.821025967854986, 39.27250892457238], [22.82110360168815, 39.273012562872964], [22.82123209510584, 39.273505683539206], [22.821410113428684, 39.27398316445673], [22.821635807555083, 39.27444004596344], [22.821906833168097, 39.27487158236626], [22.822220375086204, 39.27527329123529], [22.822573176504974, 39.275640999963464], [22.839573176504974, 39.29164099996346], [22.83995789808675, 39.2919680745897], [22.840373647709477, 39.29225467667938], [22.84081618491814, 39.29249788302296], [22.841280996036662, 39.29269521302754], [22.841763340205322, 39.2928446540178], [22.84225829773535, 39.29294468176434], [22.934472839216546, 39.30677686298652], [22.92483974852831, 39.32122649901887], [22.924590997251222, 39.32164188745788], [22.92438358914937, 39.32207938789491], [22.924219469086477, 39.32253489789268], [22.92410017601475, 39.323004146138445], [22.924026828544143, 39.32348273249603], [22.924000114453165, 39.323966169265894], [22.924020284239585, 39.32444992326622], [22.924087148771513, 39.32492945834052], [22.931087148771514, 39.36192945834052], [22.931199628824174, 39.36239872676899], [22.93135682234126, 39.362854966638345], [22.93155726513043, 39.36329392826363], [22.93179909015032, 39.363711522899564], [22.93208004490128, 39.36410386082549], [22.932397512406446, 39.36446728757652], [22.932748535587827, 39.364798417983366], [22.933129844810225, 39.36509416770377], [22.93353788833655, 39.36535178195188], [22.933968865410773, 39.365568861157925], [22.934418761660382, 39.36574338331925], [22.934883386488607, 39.36587372283436], [22.935358412108084, 39.3659586656448], [22.935839413852392, 39.36599742054356], [22.93632191138999, 39.36598962654484], [22.99832191138999, 39.36198962654484], [22.99880537312551, 39.361934711149466], [22.999281207946915, 39.361833063851925], [22.99974490968036, 39.36168564725597], [23.0001920870528, 39.36149385740238], [23.00061850527752, 39.361259510548365], [23.00102012615772, 39.36098482596753], [23.001393146328397, 39.3606724049333], [23.001734033274353, 39.360325206084745], [23.002039558783256, 39.35994651740816], [23.00230682951692, 39.35953992509972], [23.024148440341687, 39.32250415022294], [23.135905812147385, 39.30191726594294], [23.13639868194794, 39.301800384235506], [23.1368771966855, 39.30163423484557], [23.137336445229824, 39.301420523010684], [23.137771714184996, 39.301161442115024], [23.138178536264306, 39.30085965117808], [23.172178536264305, 39.27285965117808], [23.172540157352234, 39.27253090440559], [23.172867956590817, 39.27216842418429], [23.173158802261504, 39.27177567356684], [23.17340991569164, 39.271356404802376], [23.17361889780124, 39.27091462348823], [23.17378375202329, 39.27045455030152], [23.173902903378455, 39.269980580675686], [23.180677437752532, 39.23610790880529], [23.220982231581747, 39.18302354620096], [23.221265252512833, 39.18260914181327], [23.221505308387705, 39.18216845482583], [23.22169998105782, 39.18170592439929], [23.221847309532084, 39.18122620972927], [23.221945809730435, 39.18073414311296], [23.221994489433417, 39.18023468127209], [23.22199285827705, 39.17973285542252], [23.221940932692423, 39.17923372059342], [23.22183923574016, 39.17874230470655], [23.221688791841505, 39.17826355792869], [23.22149111645903, 39.177802302807166], [23.22124820083099, 39.17736318569111], [23.20324820083099, 39.14836318569111], [23.20297720261294, 39.14796984169133], [23.202669906926722, 39.147604152072134], [23.202329118269994, 39.147269454256495], [23.201957946810023, 39.14696880282434], [23.201559779999148, 39.14670494163533], [23.201138251659557, 39.146480278787315], [23.20069720881968, 39.14629686463916], [23.200240676604704, 39.146156373098336], [23.199772821501774, 39.14606008634424], [23.199297913335023, 39.14600888312651], [23.19882028629754, 39.14600323074526], [23.198344299395853, 39.146043180786265], [23.197874296668, 39.14612836865021], [23.19741456753816, 39.146258016880154], [23.196969307669736, 39.1464309422569], [23.1838184202561, 39.1522757811074], [23.176681645887847, 39.13324438279206], [23.176479593609596, 39.13277890993139], [23.176231403289798, 39.13233631341951], [23.17593963119054, 39.13192115182535], [23.175607282448983, 39.13153770114905], [23.175237780125652, 39.13118991078084], [23.174834929948258, 39.130881362823885], [23.17440288111422, 39.13061523520004], [23.173946083555553, 39.13039426891853], [23.10294608355555, 39.10039426891853], [23.102475073847785, 39.100222536536656], [23.101989234210382, 39.10009883527342], [23.10149344912262, 39.100024408782524], [23.100992703052206, 39.100000005324546], [23.10049203034302, 39.10002587024419], [23.099996464601375, 39.10010174350368], [23.099510988089754, 39.10022686229706], [23.099040481636674, 39.10039996871926], [23.098589675566384, 39.1006193224126], [23.098163102141665, 39.10088271806389], [23.097765049997886, 39.101187507575894], [23.097399521026404, 39.1015306266905], [23.097070190140805, 39.101908625795765], [23.09678036833048, 39.102317704607316], [23.09653296937298, 39.102753750375115], [23.096330480539788, 39.10321237923185], [23.096174937590103, 39.10368898026689], [23.096067904303936, 39.10417876188296], [23.09601045676036, 39.10467679996939], [23.09600317251896, 39.105178087407516], [23.096046124813206, 39.10567758441073], [23.09613888181421, 39.10617026919287], [23.106960040237755, 39.151119696490674], [23.0843911099266, 39.142912812741166], [23.060050047662696, 39.10178481098491], [23.114920513391745, 39.093075213250145], [23.202382550058523, 39.10978144497301], [23.22025546020699, 39.118717900047244], [23.207132688278186, 39.1279038403974], [23.206749932053693, 39.128200387079666], [23.206397653960458, 39.12853256535586], [23.206079157553404, 39.128897260160926], [23.205797429593257, 39.12929105149986], [23.205555112037633, 39.12971024651938], [23.205354477265566, 39.130150914138326], [23.205197406767844, 39.13060892191216], [23.20508537350299, 39.13107997478575], [23.205019428084274, 39.131559655371035], [23.205000188927425, 39.13204346537196], [23.205027836451308, 39.13252686776808], [23.205102111385994, 39.13300532936134], [23.205222317204136, 39.133474363287014], [23.20538732665278, 39.13392957109012], [23.205595592324386, 39.13436668397277], [23.205845161167947, 39.13478160282565], [23.206133692804094, 39.13517043666817], [23.20645848147245, 39.13552953913691], [23.206816481405408, 39.13585554268007], [23.2072043353904, 39.13614539013732], [23.207618406252806, 39.13639636340892], [23.208054810964235, 39.13660610894521], [23.20850945705638, 39.13677265981746], [23.208978080998904, 39.13689445416315], [23.299017692892914, 39.155693933569594], [23.337533729953705, 39.18166986554082], [23.266965175229792, 39.31990689739725], [23.122648114182667, 39.45028989737776], [23.122302757154852, 39.450633934738605], [23.12199254363036, 39.451009967651444], [23.121720422290274, 39.45141442180037], [23.093469057627242, 39.49817530124263], [22.9367639320225, 39.576527864045005], [22.936324839552796, 39.5767758413167], [22.935912958272024, 39.57706678587289], [22.935532477752943, 39.57739773828462], [22.935187268166143, 39.57776533217114], [22.934880840913454, 39.57816582844208], [22.93461631291068, 39.57859515333069], [22.934396374882954, 39.57904893983135], [22.845900218185403, 39.787860096084], [22.72691669012368, 39.88106385973235], [22.726524411626844, 39.8814055201405], [22.72616975488014, 39.881786089248], [22.7258565588904, 39.88220144755788], [22.725588213869585, 39.882647098994966], [22.725367624537196, 39.88311821957402], [22.725197178677927, 39.88360970961729], [22.703799787506092, 39.957527970029076], [22.597730989119658, 40.01154448772587], [22.597341496041363, 40.01176533865558], [22.59697332203708, 40.01202014818005], [22.596629419567645, 40.01230687293083], [22.59631254645563, 40.012623213604904], [22.596025243769777, 40.012966633403245], [22.567025243769777, 40.05096663340325], [22.566745468700585, 40.051373412209294], [22.566507174134994, 40.05180579951994], [22.56631268337912, 40.05225957967846], [22.566163892664054, 40.05273032845382], [22.56606225265811, 40.053213456175634], [22.54806225265811, 40.16621345617563], [22.54801064268326, 40.166673942388705], [22.548001883532688, 40.16713722892985], [22.548036050433886, 40.1675993368878], [22.548112849946275, 40.168056297473434], [22.54823162248142, 40.1685041861056], [22.548391347967847, 40.16893915611712], [22.548590654611903, 40.169357471791656], [22.65465276018824, 40.367732891480735], [22.602833811048715, 40.41013021350398], [22.60245513164312, 40.41047382525499], [22.60211352689941, 40.41085431615728], [22.60181256955403, 40.41126770677632], [22.601555407225092, 40.41170967358981], [22.60134472949241, 40.41217559420601], [22.60118273976805, 40.41266059570792], [22.60107113225153, 40.413159605617544], [22.601011074210717, 40.41366740494738], [22.599139929308304, 40.44173457848357], [22.575537340859054, 40.46439306339485], [22.575197932696714, 40.46475280363679], [22.57489572562501, 40.465144315869225], [22.5746336765702, 40.46556376936511], [22.574414349534944, 40.46600706000785], [22.574239890510945, 40.466469850447766], [22.574112006481656, 40.466947612540636], [22.574031948720393, 40.467435671653035], [22.57400050054733, 40.467929252400985], [22.574017969665164, 40.468423525374405], [22.574084185148394, 40.46891365439019], [22.57419849911575, 40.46939484381152], [22.574359793069345, 40.46986238547049], [22.574566488838535, 40.47031170473486], [22.574816564021447, 40.470738405268285], [22.575107571773035, 40.47113831204598], [22.57543666474609, 40.471507512205], [22.57580062295091, 40.471842393329396], [22.576195885261132, 40.47213967879566], [22.576618584257297, 40.47239645983269], [22.600618584257298, 40.485396459832685], [22.60104410398348, 40.48560157264124], [22.601487081122272, 40.48576561396563], [22.601943561867017, 40.485887119649774], [22.602409471884194, 40.48596500519078], [22.602880652679, 40.485998575418755], [22.60335289871215, 40.48598753070156], [22.603821994936528, 40.48593196961916], [22.649349909230363, 40.478343983903514], [22.666300456582956, 40.49458825844975], [22.653859568276303, 40.50048131080553], [22.653415779287993, 40.50071960243533], [22.652998218234508, 40.501001336944384], [22.652611123052665, 40.501323654935156], [22.65225842247315, 40.501683285117686], [22.651943696146787, 40.50207657751079], [22.65167013831374, 40.50249954048666], [22.65144052538431, 40.50294788128295], [22.651257187760432, 40.50341704957115], [22.651121986183814, 40.50390228363906], [22.651036292850765, 40.50439865871866], [22.651000977485438, 40.50490113696888], [22.651016398512752, 40.505404618605986], [22.651082399420645, 40.505903993662564], [22.651198310348573, 40.50639419385001], [22.651362954886075, 40.50687024399784], [22.651574662012493, 40.50732731254806], [22.65183128305659, 40.50776076059189], [22.652130213503984, 40.508166188951286], [22.670130213503985, 40.530166188951284], [22.67045705990461, 40.530528112169485], [22.670817609158565, 40.53085647358767], [22.67120843147638, 40.53114814960892], [22.67162580909064, 40.531400365612754], [22.6720657716219, 40.53161072234919], [22.672524133847638, 40.53177721876203], [22.672996535514955, 40.531898271024275], [22.673478482818226, 40.531972727604554], [22.673965391147256, 40.5319998802213], [22.674452628699207, 40.53197947058036], [22.67493556053945, 40.53191169283211], [22.73394100032226, 40.52067256144491], [22.7543820416825, 40.56991688835821], [22.754601824386636, 40.57037824541921], [22.754867551273236, 40.570814758874334], [22.7551764465085, 40.57122186882067], [22.755525283313798, 40.57159532250996], [22.75591041767324, 40.57193121877363], [22.756327826399747, 40.572226048775164], [22.756773149162044, 40.572476732664065], [22.757241734033503, 40.572680651748534], [22.757728686087063, 40.572835675850875], [22.758228918528562, 40.57294018555971], [22.758737205834386, 40.572993089146664], [22.814439417813826, 40.575924784514], [22.846176813081687, 40.59587400439666], [22.84901059947017, 40.63932539568673], [22.84906794857531, 40.63982150395266], [22.849174502258226, 40.64030941648994], [22.849329197486814, 40.640784265642445], [22.84953049094517, 40.64124131408081], [22.84977637443047, 40.64167600206435], [22.850064394887774, 40.642083992931354], [22.850391678882936, 40.64246121636367], [22.850754961269384, 40.64280390899429], [22.85115061776284, 40.64310865195248], [22.851574701098972, 40.643372404972176], [22.852022980413228, 40.643592536723155], [22.85249098345006, 40.643766851062495], [22.85297404118032, 40.64389360894436], [22.85346733438183, 40.6439715457696], [22.90946733438183, 40.6499715457696], [22.909961951912884, 40.64999985523222], [22.910456942996902, 40.649979076530606], [22.910947447852454, 40.64990941366834], [22.911428650743527, 40.64979155058963], [22.911895827260025, 40.649626644464426], [22.91234439070163, 40.64941631432737], [22.912769937109662, 40.64916262518233], [22.913168288504753, 40.648868067728294], [22.913535533905932, 40.648535533905935], [22.95353553390593, 40.60853553390593], [22.953871790620305, 40.608163737883025], [22.95416912796208, 40.60776013985801], [22.95442455708606, 40.607328796812126], [22.954635510409897, 40.60687404462052], [22.95479986742352, 40.606400454467874], [22.95491597600457, 40.60591278689871], [22.954982669025593, 40.60541594396422], [22.954999276086046, 40.60491491994668], [22.954965630251184, 40.60441475115676], [22.9548820697301, 40.60392046530836], [22.954749434476025, 40.60343703097985], [22.9545690577431, 40.60296930766973], [22.94810749657072, 40.58843079503188], [22.986191679347975, 40.55684878980196], [22.98654603782214, 40.556524998689916], [22.986867714506452, 40.556168719693595], [22.987153744692034, 40.55578323643146], [22.987401492203276, 40.555372101680895], [22.98760867369395, 40.554939104634286], [22.987773379691486, 40.554488235976216], [22.987894092195496, 40.55402365110364], [22.987969698668298, 40.553549631827956], [22.98799950228855, 40.55307054691203], [22.98798322837343, 40.552590811805814], [22.98792102691025, 40.55211484795169], [22.987813471174096, 40.551647042034595], [22.987661552444298, 40.551191705552434], [22.987466670868347, 40.550753035079524], [22.987230622557586, 40.550335073589146], [22.986955583033442, 40.54994167319183], [22.986644087176924, 40.54957645963263], [22.986299005866076, 40.549242798874744], [22.945299005866076, 40.51324279887475], [22.944910006613096, 40.51293406080816], [22.94449229844397, 40.512665435608255], [22.944050002293935, 40.51243957341964], [22.94358748167304, 40.51225870250482], [22.94310929961755, 40.51212460726111], [22.942620173672946, 40.512038610616436], [22.83154612105672, 40.49815435403941], [22.893886224353537, 40.42114599114334], [22.89416121884641, 40.42077204937046], [22.894400351219463, 40.42037421758594], [22.894601560587613, 40.41995592437444], [22.89476311289295, 40.41952077466083], [22.89488361584914, 40.41907251864228], [22.8949620309404, 40.418615019468426], [22.894997682371603, 40.418152219948034], [22.894990262892414, 40.41768810856922], [22.893293108637756, 40.39053364049471], [22.964458585247456, 40.38397892554381], [22.964946980353545, 40.38390950386597], [22.965426157585107, 40.38379229324462], [22.96589145264728, 40.383628434603956], [22.96633833637377, 40.383419522938404], [22.966762458813594, 40.383167591787014], [22.96715969157336, 40.382875093439026], [23.03145660123735, 40.33044838248224], [23.300596923817583, 40.239738125612604], [23.30102993634593, 40.23956939366125], [23.301445412634095, 40.239361187573245], [23.30183976346019, 40.239115306002006], [23.302209582101227, 40.23883387307242], [23.302551673763183, 40.2385193200309], [23.302863083180217, 40.23817436424229], [23.30314112014465, 40.23780198571509], [23.30338338274719, 40.2374054013577], [23.30358777812655, 40.23698803718817], [23.329587778126548, 40.17698803718817], [23.32975685756829, 40.17654022922806], [23.329882341394757, 40.1760783053858], [23.32996307957264, 40.17560649909781], [23.32999833215325, 40.17512913437109], [23.329987776053976, 40.174650586154584], [23.32993150801929, 40.17417524024366], [23.329830043734084, 40.17370745308524], [23.311459653966597, 40.105060207112004], [23.3859952481633, 40.0060063253506], [23.386277476642803, 40.005589052639536], [23.38651628540992, 40.00514549903196], [23.38670925037006, 40.00468016694173], [23.38685441277891, 40.00419777985122], [23.386950299125193, 40.003703234364295], [23.386995936087978, 40.00320155050202], [23.386990860416617, 40.0026978207455], [23.386935123633126, 40.00219715834327], [23.386829291509173, 40.001704645407834], [23.386674438323066, 40.001225281328246], [23.386472135955, 40.0007639320225], [23.36952909352529, 39.96687784716308], [23.470502481404896, 39.97697518595105], [23.471033595753216, 39.976999887131264], [23.471564330210704, 39.97696805106791], [23.472088683389224, 39.97688003775375], [23.472600726058264, 39.97673684241731], [23.617098067125777, 39.92790670647036], [23.702366833902975, 39.91810569879481], [23.729807105881246, 39.928472023764385], [23.696037927696395, 39.93509343125161], [23.69558142292229, 39.93520545736544], [23.695137455331473, 39.93535985696796], [23.694709948646622, 39.935555265497364], [23.694302681111264, 39.93578995596074], [23.69391925209819, 39.93606185419702], [23.69356305029871, 39.9363685572081], [23.693237223773878, 39.93670735439621], [23.692944652132365, 39.93707525151979], [23.692687921080896, 39.937468997156174], [23.666645722467926, 39.98183718738568], [23.497443892024112, 40.037248313145064], [23.496987429250996, 40.0374229311803], [23.496550194556395, 40.03764127848005], [23.49613636527571, 40.03790126895664], [23.495749895129272, 40.03820041866395], [23.495394476448563, 40.038535869529014], [23.398551364892278, 40.13933176114882], [23.36319964420723, 40.14506447261126], [23.362705847022895, 40.145170386343416], [23.36222525296209, 40.14532557244666], [23.361762765110367, 40.14552844769139], [23.361323101831275, 40.14577694231696], [23.360910748628996, 40.14606852114761], [23.36052991238661, 40.14640020945673], [23.360184478446925, 40.14676862331536], [23.359877970973663, 40.147170004115544], [23.359613516997484, 40.147600256916114], [23.359393814513584, 40.148054992219876], [23.35922110495639, 40.14852957075581], [23.33522110495639, 40.226529570755815], [23.33509465067055, 40.227031729399364], [23.335020811944453, 40.22754427386789], [23.335000380784056, 40.22806170652765], [23.335033576337246, 40.22857847731334], [23.335120042543227, 40.22908904325905], [23.335258851951668, 40.22958792795296], [23.335448515670706, 40.23006978027824], [23.33568699933702, 40.23052943180995], [23.335971744936753, 40.230961952252386], [23.36097174493675, 40.264961952252385], [23.361291389361142, 40.265353536510816], [23.361648937386825, 40.265710846178784], [23.362040734718665, 40.26603022939728], [23.362462777018838, 40.26630842193197], [23.362910750832892, 40.26654258053509], [23.363380077675114, 40.266730312004654], [23.363865960822622, 40.26686969764402], [23.436865960822622, 40.28386969764402], [23.437338664372426, 40.28395607053902], [23.437817476254132, 40.2839966673976], [23.4382979739903, 40.28399111325269], [23.438775719532337, 40.283939459404344], [23.43924630025191, 40.28384218294596], [23.67624630025191, 40.22284218294596], [23.676690800692647, 40.22270544291409], [23.677120673781356, 40.222527995440934], [23.677532200626146, 40.222311375649255], [23.677921821051026, 40.22205745754702], [23.678286164395494, 40.22176843781504], [23.67862207867459, 40.221446816803244], [23.796622078674588, 40.09744681680324], [23.79693373024584, 40.097086384025516], [23.797209657490228, 40.09669792212915], [23.797447354563566, 40.09628495894622], [23.797644662810473, 40.09585124481823], [23.797799790368302, 40.095400718537164], [23.797911328439998, 40.094937471575285], [23.797978264088147, 40.09446571092821], [23.797999989434018, 40.093989720908915], [23.79797630717802, 40.09351382423959], [23.797907432391494, 40.09304234279467], [23.79779399056354, 40.092579558351545], [23.790493151376303, 40.06793922609461], [23.820914995646863, 40.02592810781622], [23.821194437555537, 40.02613869778677], [23.821622317949107, 40.02639848019944], [23.822074029234827, 40.02661417778284], [23.82254504402733, 40.0267836286559], [23.82303064146718, 40.02690513445635], [23.823525954536862, 40.02697747736297], [23.84452595453686, 40.02897747736297], [23.84498984536213, 40.02899998968832], [23.845453823802224, 40.028979361802136], [23.84591388662328, 40.02891577168304], [23.84636606437562, 40.02880976799042], [23.846806455642426, 40.028662265330496], [23.847231260701374, 40.02847453636509], [23.84763681430889, 40.028248200830994], [23.905636814308888, 39.99224820083099], [23.906025380100992, 39.99198083851023], [23.906387024126488, 39.991678052142994], [23.906718528245595, 39.99134253611599], [23.90701694252269, 39.990977276065365], [23.90727961147673, 39.99058552230859], [23.907504197711404, 39.990170760921096], [23.907688702714793, 39.98973668271491], [23.907831484643403, 39.98928715039547], [23.90793127293233, 39.98882616418879], [23.907987179601584, 39.98835782624489], [23.907998707157866, 39.98788630413427], [23.907965753021614, 39.98741579376216], [23.906755474049998, 39.977128422503405], [23.922105572809, 39.9799193495505], [23.92260305898365, 39.97998421887858], [23.92310454156877, 39.97999890698657], [23.923604971627185, 39.979963265994314], [23.924099310818583, 39.97987765473606], [23.924582582125634, 39.97974293514773], [23.925049919962692, 39.979560463588996], [23.925496619162626, 39.97933207718731], [23.92591818234853, 39.979060075341756], [23.926310365213418, 39.97874719657261], [23.926669219251995, 39.97839659094988], [23.926991131514278, 39.97801178837831], [23.92727286098087, 39.97759666305826], [23.927511571193605, 39.97715539448014], [23.92770485881305, 39.97669242534525], [23.92785077781541, 39.97621241683653], [23.927947859085112, 39.975720201689704], [23.9279951252059, 39.97522073553717], [23.927992100301477, 39.97471904701464], [23.927938814826643, 39.97422018713264], [23.92582581829765, 39.96083787578234], [23.97375446210137, 39.95948777313998], [23.96722649901887, 39.963839748528315], [23.966838441655426, 39.96412642944639], [23.966479821494207, 39.96444917709716], [23.966153977639884, 39.96480498638415], [23.965863944017617, 39.965190544374686], [23.965612421124277, 39.96560226114656], [23.96540175088415, 39.966036303213684], [23.965233894843344, 39.966488629219654], [23.965110415905865, 39.96695502756668], [23.96503246378147, 39.96743115562972], [23.96500076428072, 39.96791258019054], [23.96501561255699, 39.96839481871534], [23.9650768703583, 39.96887338109152], [23.965183967314566, 39.969343811435], [23.965335906248317, 39.96980172957891], [23.965531272459383, 39.97024287185719], [23.965768246897152, 39.9706631308035], [23.966044623097687, 39.971058593395774], [23.96635782772809, 39.97142557749026], [23.966704944546738, 39.97176066610589], [23.967082741556343, 39.972060739239716], [23.967487701097017, 39.9723230029172], [23.967916052599126, 39.97254501520684], [23.968363807690977, 39.97272470895695], [23.96882679733448, 39.97286041104287], [23.990527414770717, 39.978098491113684], [23.98396797502072, 39.98704318168186], [23.983691974126806, 39.987462104597135], [23.98345934176789, 39.98790657629249], [23.983272419834417, 39.988372122308654], [23.983133090053805, 39.988854056032956], [23.98304275504726, 39.98934752587902], [23.98300232420972, 39.98984756412732], [23.98301220455504, 39.99034913693475], [23.983072296618595, 39.99084719500996], [23.983181995458636, 39.99133672444409], [23.983340196746145, 39.99181279718539], [23.98354530788203, 39.992270620649535], [23.983795264029695, 39.992705585966114], [23.984087548901577, 39.99311331437578], [23.984419220090395, 39.99348970131086], [23.984786938690117, 39.99383095771563], [24.013390795631917, 40.01782128934423], [24.008176579988607, 40.038678151917495], [23.98739872611141, 40.03701592360732], [23.986904666713208, 40.037000908926174], [23.986411538988648, 40.03703474938819], [23.985924162178907, 40.03711711427712], [23.9854472993226, 40.037247198656964], [23.98498561070753, 40.037423731238405], [23.98454360832657, 40.037644986802924], [23.984125611782897, 40.03790880306299], [23.98373570607529, 40.038212601793695], [23.983377701676275, 40.038553414029224], [23.983055097293093, 40.038927909078], [23.982771045675538, 40.03933242707286], [23.98252832280473, 40.03976301473825], [23.982329300763993, 40.040215464024804], [23.982175924556966, 40.04068535323378], [23.982069693099433, 40.041168090229505], [23.98201164457074, 40.04165895731733], [23.982002346267848, 40.042153157348864], [23.982041889061254, 40.042645860603464], [23.982129886506947, 40.043132251988204], [23.98226547862303, 40.04360757809485], [23.982447340294172, 40.04406719365395], [23.98267369422169, 40.0445066069322], [23.98294232829274, 40.04492152362923], [23.998306215517186, 40.066260255885396], [23.974678180805853, 40.08726295340659], [23.974327215513526, 40.08760726450841], [23.97401176263462, 40.08798438021008], [23.973734872305368, 40.08839065415315], [23.97349922179798, 40.08882215804609], [23.973307089633906, 40.089274719647186], [23.97316033355266, 40.08974396310625], [23.97306037254918, 40.09022535127503], [23.9730081731535, 40.09071422957721], [23.97300424008527, 40.09120587101386], [23.973048611373603, 40.09169552186909], [23.973140857989375, 40.09217844767409], [23.97328008799352, 40.09264997898504], [23.97346495516126, 40.09310555653227], [23.98450307932919, 40.11687997781705], [23.895108297685802, 40.16633241021552], [23.777691335148788, 40.19817429836115], [23.777186693499218, 40.1983403949165], [23.776702524171444, 40.19855909864811], [23.776244293461584, 40.19882794037985], [23.77581717481745, 40.19914388487499], [23.712817174817452, 40.25114388487499], [23.712452413408162, 40.25147656000855], [23.712122237226176, 40.25184358496552], [23.711829865141, 40.25224138163971], [23.71157814747207, 40.252666071933156], [23.711369538201154, 40.253113515563435], [23.689369538201152, 40.30711351556343], [23.689202797942972, 40.30759044247225], [23.689085039341787, 40.30808176161689], [23.689017464767506, 40.308582456401126], [23.689000764187863, 40.30908741449908], [23.689035108123516, 40.30959148005447], [23.689120145906962, 40.310089506324296], [23.68925500926301, 40.31057640822945], [23.68943832117427, 40.31104721427576], [23.689668209941143, 40.31149711731522], [23.68994232829274, 40.31192152362922], [23.725942328292742, 40.36192152362923], [23.72624625721597, 40.36230294037357], [23.726585899476753, 40.362652932741945], [23.726958023697936, 40.362968170885644], [23.727359089467, 40.36324565560976], [23.727785281019788, 40.36348274690772], [23.728232543543893, 40.36367718907847], [23.72869662175641, 40.36382713218735], [23.72917310038895, 40.363931149666485], [23.729657446194775, 40.363988251887235], [23.730145051078374, 40.36399789557561], [23.730631275937174, 40.36395998898095], [23.731111494798245, 40.363874892748925], [23.731581138830084, 40.36374341649025], [23.760053592365722, 40.35425259864503], [23.8325159745991, 40.37677469042028], [23.832962372481294, 40.37689114803828], [23.833417604037106, 40.37696596566062], [23.833877793726504, 40.37699850633957], [23.8343390237992, 40.37698849304536], [23.9373390237992, 40.36998849304536], [23.9378579716492, 40.369925838471694], [23.938367542470804, 40.36980934793819], [23.938862167012303, 40.369640294604686], [23.939336439374365, 40.36942052610556], [23.939785176092688, 40.36915244435637], [24.021026168952574, 40.314661534511316], [24.170136148078033, 40.27986920604871], [24.1706007557468, 40.27973683238452], [24.17105041984377, 40.27956023886044], [24.171480942609385, 40.27934107403403], [24.171888304974612, 40.27908138387972], [24.172268704080228, 40.27878359268895], [24.17261858877774, 40.278450480438664], [24.172934692780522, 40.27808515683927], [24.241294175698897, 40.19090204818974], [24.288381415742705, 40.165396459832685], [24.28879254107763, 40.165147494946325], [24.289177862489016, 40.164860205953175], [24.289533819490572, 40.164537247490365], [24.28985712293202, 40.16418160379169], [24.290144785391853, 40.16379656111242], [24.290394148782003, 40.16338567736327], [24.290602908909378, 40.16295274923428], [24.30321611068163, 40.13322163077111], [24.359453501369046, 40.13690932852111], [24.387759809842287, 40.15406466698974], [24.3787915562047, 40.17607765319109], [24.23104987489067, 40.312], [24.204, 40.312], [24.203515898265078, 40.31202349062995], [24.20303634527204, 40.312093741795906], [24.202565847021646, 40.31221009340021], [24.20210882443401, 40.31237145217389], [24.201669571808527, 40.31257630194923], [24.20125221647355, 40.31282271790613], [24.20086068000497, 40.31310838465817], [24.200498641378097, 40.31343061800856], [24.200169502399103, 40.31378639017155], [24.19987635574077, 40.314172358222244], [24.177108487045434, 40.3473755000696], [24.085263443484553, 40.36105454911059], [24.084781617291803, 40.36115071721011], [24.0843115560356, 40.36129371091208], [24.08385779871738, 40.36148214944196], [24.08342472690462, 40.36171421320126], [24.083016522421612, 40.36198766133791], [24.082637126968947, 40.362299853384386], [24.082290204061703, 40.36264777475455], [24.008880559090596, 40.443887781855906], [23.998608185030108, 40.44337416315288], [24.016548440019317, 40.40407646174795], [24.01673089534107, 40.403618217930884], [24.01686731387739, 40.40314422708365], [24.016956368126728, 40.40265910165556], [24.016997191493846, 40.402167562447545], [24.016989386722738, 40.40167439267368], [24.016933029762363, 40.40118439141518], [24.01682866902758, 40.400702326920175], [24.01667732006246, 40.400232890203384], [24.01648045565796, 40.39978064939745], [24.016239991520024, 40.399350005299986], [24.006239991520022, 40.38335000529999], [24.005942737208056, 40.382925130359155], [24.0056030781516, 40.38253332611377], [24.005224667436, 40.382178806478706], [24.004811574926645, 40.381865384367096], [24.004368243496945, 40.38159643068192], [24.00389944124455, 40.381374838061376], [24.00341021020971, 40.381202989768155], [24.002905812147386, 40.38108273405706], [23.964905812147386, 40.374082734057055], [23.964378703099538, 40.37401436223113], [23.963847314424076, 40.37400233183225], [23.963317651209557, 40.37404677881291], [23.962795699045536, 40.37414720088906], [23.962287356380944, 40.37430246321631], [23.866287356380944, 40.409302463216314], [23.865823458831, 40.40949859260457], [23.865381646006462, 40.40974039645454], [23.864966400852595, 40.41002542125341], [23.86458193674028, 40.41035077493808], [23.864232154714205, 40.41071315624005], [23.82323215471421, 40.45771315624005], [23.822908141698754, 40.45812655335137], [23.82262928342086, 40.45857165970572], [23.822398657155308, 40.459043563436865], [23.82221880792387, 40.45953705696244], [23.822091720410345, 40.460046694450995], [23.822018797059023, 40.46056685191817], [23.818018797059022, 40.50656685191817], [23.81800023479091, 40.50704845465891], [23.81802812749279, 40.50752960718655], [23.818102216001567, 40.50800583890593], [23.818221811929025, 40.50847272494322], [23.81838580405794, 40.508925927259334], [23.81859266866687, 40.50936123495654], [23.818840483687726, 40.50977460340371], [23.819126946564506, 40.51016219181673], [23.819449395647357, 40.51052039894486], [23.8198048349231, 40.51084589653155], [23.820189961852478, 40.51113566023864], [23.82060119805546, 40.51138699774685], [23.82103472255953, 40.51159757377124], [23.821486507301977, 40.51176543175935], [23.821952354556345, 40.511889012070384], [23.903767423010287, 40.529420812453374], [23.908725244471086, 40.53809700000977], [23.887189026615115, 40.55880490179436], [23.84747404546314, 40.55502252263703], [23.846997005083793, 40.55500000089695], [23.846519992027037, 40.555023094099155], [23.84604735807826, 40.555091591564576], [23.845583415072298, 40.55520486839153], [23.845132395556597, 40.55536189115663], [23.844698414177728, 40.55556122734276], [23.790698414177726, 40.583561227342756], [23.790246208803286, 40.58382667589985], [23.789824289914915, 40.58413802311562], [23.789437297821046, 40.58449184476055], [23.789089488701556, 40.58488424946686], [23.78878468779783, 40.5853109215262], [23.752527905738283, 40.64214587718711], [23.6977639320225, 40.669527864045], [23.69735041519023, 40.66975975232612], [23.696960720069715, 40.67002976354541], [23.696598350306058, 40.67033547010386], [23.696266563869347, 40.67067412347518], [23.69596834376312, 40.671042678917054], [23.695706371204974, 40.671437822845604], [23.69548300152044, 40.671856002626946], [23.6953002429669, 40.67229345851798], [23.695159738677866, 40.672746257469235], [23.695062751889996, 40.67321032848586], [23.69501015458568, 40.67368149922887], [23.69201015458568, 40.72068149922887], [23.69200348370141, 40.72118661424898], [23.692047814394357, 40.721689824417695], [23.692142694162193, 40.722185993253774], [23.69228715452658, 40.72267005614985], [23.69247972091884, 40.72313707206907], [23.692718427731513, 40.72358227398037], [23.693000838382144, 40.72400111751757], [23.693324070184527, 40.72438932736567], [23.693684823773516, 40.72474294090086], [23.728684823773516, 40.755742940900866], [23.729034789954266, 40.75602585759618], [23.72940877649318, 40.75627616191669], [23.72980375382727, 40.75649182621534], [23.73021652235283, 40.75667110345444], [23.730643738344575, 40.75681254135796], [23.840643738344575, 40.78781254135796], [23.841143341169136, 40.787926066955244], [23.841651938604517, 40.7879878706143], [23.842164190559853, 40.787997303418855], [23.842674718573136, 40.78795426632783], [23.84317816228312, 40.78785921121527], [23.84366923571122, 40.78771313612581], [23.98693729397447, 40.73697236549091], [24.10901301771294, 40.7330344389187], [24.326903676745875, 40.83018914835763], [24.304500867016298, 40.837230031415494], [24.304040284873327, 40.837400052541355], [24.303598597762228, 40.83761442508986], [24.303180064308112, 40.837871082140126], [24.30278871989492, 40.83816754907576], [24.302428337757373, 40.83850096744448], [24.302102392600485, 40.838868122518484], [24.301814027097414, 40.83926547428997], [24.301566021588684, 40.83968919160293], [24.301360767274893, 40.84013518909208], [24.301200243161432, 40.84059916657285], [24.30108599697746, 40.84107665050254], [24.30101913025312, 40.841563037113005], [24.301000287698898, 40.842053636798916], [24.301029650989495, 40.84254371933363], [24.301106937012175, 40.84302855947673], [24.301231400596457, 40.8435034825335], [24.301401841698848, 40.84396390942702], [24.30161661697332, 40.84440540084839], [24.301873655616014, 40.84482370005927], [24.302170479331338, 40.84521477393424], [24.30250422622703, 40.845574851847026], [24.302871678407723, 40.845900462025874], [24.303269293000998, 40.84618846502738], [24.303693236316793, 40.84643608400617], [24.323564899936162, 40.856769349088246], [24.30894232829274, 40.87707847637078], [24.308674351329575, 40.877492259267775], [24.308448424505595, 40.87793042020721], [24.30826674408201, 40.87838869977507], [24.308131076195583, 40.87886264298183], [24.308042739689775, 40.87934764256985], [24.308002593294148, 40.87983898380113], [24.308011027276528, 40.8803318902898], [24.308067959649186, 40.88082157043396], [24.30817283696583, 40.88130326399535], [24.308324639701745, 40.88177228837426], [24.308521892164684, 40.88222408412955], [24.308762676840274, 40.88265425930159], [24.309044653032373, 40.88305863210696], [24.309365079617283, 40.88343327159009], [24.3097208416905, 40.88377453583653], [24.31010848084709, 40.88407910737642], [24.389108480847092, 40.94007910737642], [24.389492079492186, 40.940325544442786], [24.389896531912438, 40.94053601388938], [24.39031847501886, 40.940708765627825], [24.39075440028451, 40.94084236319877], [24.39120068291848, 40.94093569571623], [24.391653612006607, 40.94098798710484], [24.462632047307633, 40.945917045111855], [24.50272062065097, 40.9664502168243], [24.503202130642237, 40.96666558311173], [24.50370364980546, 40.96682902435003], [24.5042195965431, 40.96693872153948], [24.504744228687656, 40.96699345381833], [24.50527170740844, 40.96699261205024], [24.505796162194123, 40.96693620560357], [24.567796162194124, 40.95693620560356], [24.568298797754103, 40.956828366638305], [24.56878770389194, 40.956669487637285], [24.56925771244444, 40.95646124808974], [24.569703855012317, 40.956205849268855], [24.570121415480518, 40.95590599096235], [24.570505979871633, 40.955564842933384], [24.5708534830055, 40.9551860114134], [24.57116025147169, 40.954773500981126], [24.63048138119983, 40.86579180638892], [24.66037253559639, 40.884253989986796], [24.660810386314203, 40.88449506305929], [24.661270118233727, 40.884691216161585], [24.661747137171556, 40.88484048910061], [24.66223667619201, 40.884941390165146], [24.662733843243984, 40.88499291103278], [24.66323367004809, 40.88499453684626], [24.663731161745552, 40.88494625135854], [24.66422134681275, 40.884848537095145], [24.664699326742504, 40.88470237053222], [24.665160324995785, 40.88450921233838], [24.665599734734478, 40.88427099277808], [24.709866489059557, 40.857326011884545], [24.764888198316154, 40.869874822767635], [24.76533578328941, 40.86995568523631], [24.765788864550924, 40.86999554019323], [24.766243692924892, 40.86999405784492], [24.76669650477844, 40.869951250457575], [24.767143553165077, 40.869867472255564], [24.76758113883008, 40.86974341649025], [24.801085082683027, 40.858575435205935], [24.88898583455407, 40.92498933661961], [24.889437650108643, 40.925293525711375], [24.889919872382553, 40.92554676468438], [24.890426778973332, 40.925746048419605], [24.890952354556344, 40.925889012070385], [24.985301121612224, 40.94610660501093], [24.987014727572493, 40.968383482494424], [24.98707508688476, 40.96886326751784], [24.987181511256665, 40.969334977988716], [24.987333005250328, 40.96979420177419], [24.987528151870222, 40.97023664353535], [24.987765125817006, 40.970658164903504], [24.988041710560413, 40.97105482318841], [24.98835531907151, 40.97142290825607], [24.988703018020423, 40.971758977231424], [24.989081555213172, 40.97205988670116], [24.98948739001097, 40.97232282211559], [24.989916726447536, 40.97254532411448], [25.034795569283926, 40.99311479374782], [25.03400973710759, 41.005688108569224], [25.034003446800728, 41.00618562361605], [25.034046634520116, 41.006681300537714], [25.034138872602316, 41.00717023092741], [25.034279247666024, 41.0076475731854], [25.03446636965678, 41.008108600462634], [25.034698385611865, 41.008548747468026], [25.034972998009163, 41.008963655675984], [25.03528748751819, 41.00934921648634], [25.0356387399281, 41.00970161190957], [25.036023276985933, 41.01001735237408], [25.03643729083978, 41.01029331128153], [25.036876681745767, 41.01052675596772], [25.037337098665517, 41.010715374762604], [25.037813982351974, 41.01085729988147], [25.038302610497055, 41.010951125920556], [25.038798144493985, 41.010995923773905], [25.137798144493985, 41.0149959237739], [25.138250776879357, 41.01499370713566], [25.138701354088116, 41.014950565871], [25.139146183532088, 41.01486685353291], [25.139581619727398, 41.01474325616406], [25.1400040941701, 41.01458078667451], [25.1720040941701, 41.00058078667451], [25.172442072791807, 41.000363058615186], [25.172856682654274, 41.00010357943908], [25.173243956259856, 40.99980483216242], [25.17360018769787, 40.999469675566985], [25.17392196810731, 40.99910131684374], [25.174206218297034, 40.99870328090248], [25.174450218211245, 40.99827937664117], [25.174651632958344, 40.99783366049771], [25.174808535154042, 40.99737039763294], [25.174919423364944, 40.99689402111634], [25.174983236476123, 40.99640908950494], [25.17499936384516, 40.99592024322148], [25.174967651145533, 40.995432160149065], [25.174888401843393, 40.99494951086749], [25.174762374293643, 40.99447691395934], [25.174590774483047, 40.9940188918137], [25.174375244489873, 40.9935798273504], [25.17411784677046, 40.99316392207882], [25.17382104442311, 40.992775155892666], [25.173487677618112, 40.99241724898547], [25.17312093641951, 40.9920936262512], [25.172724330258642, 40.991807384510615], [25.172301654351564, 40.991561262877134], [25.171856953381774, 40.99135761654558], [25.14413390642454, 40.980268397762686], [25.14002062204755, 40.96587190244322], [25.182458339440174, 40.94781329929742], [25.264789046817494, 40.93231575437934], [25.297038047747613, 40.956028255063245], [25.29744030540226, 40.956295109261276], [25.297866421702384, 40.95652192919537], [25.298312424862534, 40.956706600700656], [25.298774157733938, 40.95684740247336], [25.29924731655282, 40.95694302211489], [25.29972749105534, 40.95699256836458], [25.300210205585216, 40.95699557940703], [25.30069096081083, 40.95695202717661], [25.30116527566304, 40.95686231761911], [25.301628729102735, 40.95672728690793], [25.538945160163898, 40.874962802256604], [25.919222875362692, 40.85799503018737], [25.91969938692257, 40.85795084416363], [25.920169491659827, 40.857861305303885], [25.920628883120372, 40.85772723384023], [25.92107335299046, 40.85754985795129], [25.993000000000002, 40.82477315804821], [25.993000000000002, 40.839], [25.993024785365563, 40.83949723167767], [25.993098895736512, 40.839989533727774], [25.993221596371793, 40.84047202539581], [25.993391670799365, 40.84093992318883], [25.993607432876484, 40.84138858829969], [25.993866743506366, 40.84181357259686], [25.994167031845517, 40.84221066272391], [25.994505320791422, 40.84257592187123], [25.994878256498012, 40.84290572880622], [25.995282141626156, 40.843196813774725], [25.995712971999637, 40.84344629091778], [25.996166476303138, 40.843651686882524], [25.996638158428674, 40.843810965343316], [25.99712334205068, 40.84392254719021], [25.997617216987788, 40.843985326184466], [25.998114886891653, 40.84399867992595], [25.998611417790073, 40.84396247602372], [25.999101887003118, 40.84387707340855], [25.999581431947288, 40.84374331877445], [26.000045298343892, 40.843562538184436], [26.00048888735364, 40.84333652392371], [26.000907801170225, 40.84306751673069], [26.001297886620815, 40.84275818358203], [26.001655276341214, 40.842411591251796], [26.013824568834035, 40.82937306358092], [26.053178005063472, 40.83593196961916], [26.053656733783008, 40.835988202913306], [26.054138652727733, 40.835998077172384], [26.054619283070775, 40.83596150062766], [26.055094157961186, 40.835878813211835], [26.055558864037664, 40.83575078339983], [26.05600908244517, 40.83557860106676], [26.056440628973213, 40.83536386642957], [26.05684949294281, 40.835108575175035], [26.05723187448065, 40.83481509991237], [26.057584219834123, 40.83448616812284], [26.057903254398955, 40.83412483681127], [26.0581860131525, 40.833734464095045], [26.058429868209892, 40.833318677994676], [26.05863255324689, 40.83288134271591], [26.05879218456252, 40.83242652273685], [26.058907278585654, 40.83195844503378], [26.058976765662972, 40.83148145979673], [26.058999999999997, 40.831], [26.058999999999997, 40.816], [26.05897759592902, 40.8155272011343], [26.058910584493034, 40.81505863931634], [26.058799566223637, 40.81459851362301], [26.058645536025303, 40.81415094752979], [26.058449874259423, 40.81371995195768], [26.058214334374043, 40.81330938932884], [26.05794102719008, 40.81292293895299], [26.057632401984957, 40.812564064054776], [26.05729122454307, 40.81223598073769], [26.056920552369878, 40.81194162916249], [26.056523707291646, 40.81168364719861], [26.056104245686495, 40.81146434678455], [26.055665926613457, 40.81128569320912], [26.05521267812518, 40.811149287499276], [26.022648494184427, 40.803008241514085], [26.02877997663796, 40.800672438674646], [26.029248324020045, 40.80046598691231], [26.02969311152045, 40.8002127366804], [26.030109678271447, 40.799915341753675], [26.030493659126694, 40.79957691849313], [26.03084103040302, 40.79920101319008], [26.031148152044064, 40.79879156490509], [26.031411805763906, 40.79835286419106], [26.03162922877107, 40.79788950813312], [26.031798142719428, 40.79740635217638], [26.04780144675999, 40.742806844273275], [26.081240171673308, 40.7410469113831], [26.1088176256309, 40.75115864450089], [26.153918643941477, 40.81488834428757], [26.154210908366736, 40.81526232809428], [26.154537317415542, 40.815606914099234], [26.154894929719568, 40.8159189971362], [26.155280522728752, 40.81619576493278], [26.206032649852236, 40.84909066214245], [26.201256583509746, 40.86341886116992], [26.2011281803141, 40.86387511202866], [26.201043555724084, 40.8643414712309], [26.2010034701838, 40.86481374803132], [26.201008283905487, 40.86528769850851], [26.201057953632613, 40.86575906370129], [26.201152033028585, 40.86622360788003], [26.20128967668757, 40.86667715660938], [26.20146964773139, 40.86711563426005], [26.20169032892421, 40.86753510063282], [26.22169032892421, 40.90153510063282], [26.22195324136556, 40.901936621282125], [26.222253439310983, 40.90231108486807], [26.22258815683527, 40.90265504120624], [26.222954309961157, 40.90296532119598], [26.22334852507408, 40.903239066019445], [26.22376717000555, 40.9034737534818], [26.224206387498764, 40.90366722124989], [26.224662130748083, 40.90381768677529], [26.22513020068499, 40.9039237637181], [26.225606284666924, 40.90398447472022], [26.22608599621254, 40.903999260410444], [26.226564915417317, 40.90396798455828], [26.2270386296771, 40.903890935329144], [26.227502774344387, 40.90376882262932], [26.22795307294276, 40.903602771565076], [26.228385376568927, 40.90339431207636], [26.228795702119353, 40.90314536484038], [26.22918026898927, 40.90285822357516], [26.22953553390593, 40.90253553390593], [26.238066909309495, 40.89400415850237], [26.255746010013205, 40.92262746440361], [26.25602081659272, 40.923027556673496], [26.256333121799816, 40.92339911815991], [26.256679982564155, 40.92373864737916], [26.257058130174226, 40.92404294471001], [26.257464001080685, 40.924309142545944], [26.25789377047819, 40.92453473231861], [26.2583433883492, 40.92471758813786], [26.258808617630137, 40.924855986825435], [26.259285074140188, 40.92494862415374], [26.259768267896508, 40.924994627136456], [26.26025364542647, 40.92499356225531], [26.260736632678224, 40.92494543954542], [26.261212678125183, 40.92485071250073], [26.294032572791608, 40.91664573883412], [26.289629213619392, 40.924571785344106], [26.28941498300087, 40.92500560306917], [26.289243685120056, 40.925458095734875], [26.28911692395943, 40.92592502633427], [26.28903588647287, 40.92640202266786], [26.28900133147133, 40.92688461828363], [26.289013582517587, 40.92736829429953], [26.28907252489648, 40.92784852171697], [26.289177606689073, 40.92832080382901], [26.28932784394067, 40.928780718326195], [26.289521829874253, 40.92922395870574], [26.289757748063142, 40.92964637459635], [26.290033389439476, 40.93004401062106], [26.29034617297925, 40.9304131434342], [26.290693169870277, 40.93075031658572], [26.291071130936707, 40.931052372886356], [26.291476517063344, 40.9313164839706], [26.350882687209197, 40.96604624497894], [26.329464466094066, 40.98746446609407], [26.329128491631483, 40.98783591672794], [26.328831364567257, 40.988239116331876], [26.328576066326796, 40.988670019129884], [26.328365158617707, 40.98912430136722], [26.328200757725174, 40.98959740469573], [26.328084513276774, 40.9900845819131], [26.328017591689818, 40.99058094459715], [26.328000664467325, 40.99108151215707], [26.32803390146003, 40.99158126180963], [26.328116969162085, 40.99207517897858], [26.328249034057503, 40.99255830761188], [26.328428770983813, 40.993025799911536], [26.328654376428965, 40.993472964977286], [26.328923586628104, 40.99389531587594], [26.32923370027857, 40.994288614664015], [26.32958160564526, 40.99464891491206], [26.329963811784303, 40.99497260130379], [26.330376483571843, 40.99525642591281], [26.330815480186313, 40.99549754079288], [26.363743388441105, 41.01149109623093], [26.368033787202318, 41.02793762481557], [26.346205104603456, 41.03633327196898], [26.345751946901213, 41.03653387670736], [26.345320873547838, 41.03677835559842], [26.344916119307335, 41.03706430693862], [26.344541660390874, 41.037388921608716], [26.34420117539544, 41.03774901066999], [26.34389800916615, 41.038141036691556], [26.32089800916615, 41.07114103669156], [26.320646451805523, 41.07154101278605], [26.320433773716815, 41.071962948814885], [26.32026187421729, 41.07240307668712], [26.320132288451862, 41.07285746584989], [26.320046173683533, 41.07332205839022], [26.320004298958445, 41.07379270527404], [26.320007038237968, 41.074265203399115], [26.320054367059026, 41.074735333130725], [26.320145862752558, 41.075198895985054], [26.32028070821817, 41.07565175212364], [26.332648816119363, 41.1109892032699], [26.315291284684566, 41.11730103288256], [26.314837747882944, 41.117491711435335], [26.31440514634717, 41.117726039948664], [26.313997668593508, 41.118001749616944], [26.313619259885797, 41.1183161709757], [26.313273584036803, 41.11866625974778], [26.312963987934584, 41.1190486263185], [26.312693469137404, 41.119459568554454], [26.312464646850906, 41.11989510764812], [26.31227973656853, 41.12035102664135], [26.312140528620787, 41.12082291125458], [26.312048370840966, 41.121306192626584], [26.312004155515222, 41.121796191550956], [26.312008310743305, 41.12228816378086], [26.312060796293647, 41.122777345963605], [26.31216110399287, 41.123259001760196], [26.312308262646024, 41.12372846770328], [26.312500847439825, 41.124181198349596], [26.312736993737946, 41.12461281028965], [26.330385450380803, 41.15340766060168], [26.316404274849912, 41.186030403507104], [26.316239002701046, 41.18647261507165], [26.316116173119813, 41.18692844271999], [26.31603688108747, 41.18739382291361], [26.316001833463783, 41.18786460695655], [26.31601134268563, 41.18833659797947], [26.316065323981746, 41.18880558835323], [26.316163296128412, 41.189267397198414], [26.3163043857394, 41.18971790765632], [26.330281954482462, 41.2279232622207], [26.317250810723177, 41.242691891814566], [26.316942418345782, 41.24307835130118], [26.316673702104367, 41.24349337946266], [26.316447289579354, 41.24393291804088], [26.31626539469394, 41.24439266910819], [26.316129796065734, 41.244868137093704], [26.316041819614977, 41.24535467274229], [26.316002325599303, 41.24584751857614], [26.316011700201937, 41.2463418554148], [26.31606985175546, 41.24683284949832], [26.316176211638183, 41.24731569975313], [26.31632973983427, 41.24778568473825], [26.316528935103303, 41.248238208812765], [26.316771849659816, 41.248668847073326], [26.317056108219266, 41.249073388622], [26.31737893122422, 41.24944787774161], [26.317737162023608, 41.24978865257576], [26.31812729773934, 41.25009238093555], [26.318545523518374, 41.25035609288252], [26.318987749835397, 41.25057720976962], [26.319449652481318, 41.250753569455824], [26.31992671484655, 41.25088344744821], [26.40999952983558, 41.27067967052272], [26.53721155212573, 41.35615024799891], [26.537631522027038, 41.35640344320862], [26.538074275031565, 41.3566142803714], [26.538535552164763, 41.35678073138106], [26.53901091626291, 41.356901195095176], [26.539495794655526, 41.356974512737], [26.53998552315126, 41.35699997904204], [26.540475390904163, 41.35697734904223], [26.54096068572873, 41.35690684042237], [26.54143673942783, 41.356789131426105], [26.6, 41.33922015325446], [26.6, 41.0], [30.0, 41.0], [30.0, 40.4], [27.5, 40.4], [27.5, 36.4], [28.061993833611325, 36.4], [27.902736782371225, 36.33571274995813], [27.840417778233544, 36.27735050798791], [27.83999676486944, 36.27699757569499], [27.839539572946837, 36.27669296282258], [27.839051721932705, 36.27644034682121], [27.838539101427074, 36.27624277740723], [27.80669594796712, 36.2659405806996], [27.776592419550862, 36.19602270824893], [27.776390864946393, 36.19560828408407], [27.776152010533103, 36.19521417722513], [27.775877885347203, 36.19484373555703], [27.775570818045377, 36.19450010593206], [27.77523341712317, 36.19418620743779], [27.77486854875617, 36.19390470659983], [27.77447931245222, 36.19365799473005], [27.774069014721505, 36.19344816761269], [27.695610199928495, 36.157785069979504], [27.7142360679775, 36.148472135955], [27.71466545257059, 36.148230291076736], [27.71506894388335, 36.147947351446334], [27.71544262223857, 36.14762606565336], [27.715782857574137, 36.14726955479749], [27.716086344706902, 36.14688128216882], [27.716350135440564, 36.14646501960413], [27.716571667205635, 36.14602481084571], [27.716748787953286, 36.14556493225883], [27.7168797770612, 36.14508985128938], [27.716963362048407, 36.14460418306534], [27.71699873093665, 36.144112645563546], [27.7169855401383, 36.14362001377736], [27.71692391779409, 36.14313107333045], [27.714407088856653, 36.12886904268497], [27.760336241607927, 36.08772417667862], [27.76069288184135, 36.08737084910754], [27.761012293006075, 36.08698353897803], [27.761291255020684, 36.086566150881666], [27.76152695558398, 36.086122892635224], [27.761717018526667, 36.08565823286034], [27.76185952776622, 36.085176855933994], [27.761953046623507, 36.08468361476387], [27.7619966323064, 36.084183481864706], [27.76198984541432, 36.083681499228874], [27.75898984541432, 36.03668149922887], [27.758933139450843, 36.03618505511931], [27.75882716675246, 36.035696749776925], [27.758672985657157, 36.035221459854824], [27.758472135955, 36.0347639320225], [27.71764837588873, 35.953116411889965], [27.73665835731792, 35.918717397875234], [27.780047166062143, 35.89563824428789], [27.823959322222276, 35.9180614729654], [27.928367657915224, 36.02843599926938], [27.928688610423702, 36.02874629137601], [27.929035960231047, 36.02902671929095], [27.929406938379863, 36.0292750475359], [27.990406938379863, 36.066275047535896], [27.990859680962203, 36.066518742570274], [27.991335056400914, 36.066714654050074], [27.991828037826714, 36.06686071030451], [27.99233341219538, 36.06695536685814], [27.992845835413195, 36.06699762276289], [27.993359888848232, 36.06698703118267], [28.080176119632082, 36.060721942363216], [28.071839748528312, 36.07322649901887], [28.071582033299077, 36.07365872465747], [28.07136906962356, 36.07411466611748], [28.071203014705752, 36.074589704964644], [28.071085550589913, 36.07507902931876], [28.071017867122432, 36.075577682595366], [28.071000649899315, 36.07608061371319], [28.07103407332148, 36.07658272825878], [28.0711177988282, 36.07707894009012], [28.071250978326496, 36.07756422285643], [28.071432262781872, 36.07803366091228], [28.07165981588329, 36.078482499110386], [28.071931332643967, 36.078906190968596], [28.088170267222583, 36.101640699378656], [28.06021431266867, 36.11232974082574], [28.059765074389603, 36.112527293043804], [28.059337366660667, 36.11276793387336], [28.05893530987972, 36.11304934505851], [28.058562777331687, 36.11336881557499], [28.05822335787459, 36.1137232677472], [28.05792032136564, 36.11410928689761], [28.05765658716051, 36.11452315424264], [28.05743469598919, 36.114960882718215], [28.05725678547942, 36.11541825538984], [28.057124569563484, 36.11589086607721], [28.05703932196673, 36.11637416180188], [28.05700186393692, 36.11686348664924], [28.057012556332594, 36.11735412662205], [28.05707129614667, 36.117841355053564], [28.05717751749879, 36.118320478142756], [28.057330197086813, 36.118786880172806], [28.057527864045003, 36.119236067977496], [28.081527864045, 36.1672360679775], [28.081828875953168, 36.16775712244667], [28.082190303411203, 36.16823824210048], [28.099190303411206, 36.18823824210048], [28.09951915705576, 36.18858939164728], [28.09988023644506, 36.18890731050229], [28.10027019869567, 36.18918905536355], [28.100685433525783, 36.189432017828985], [28.101122096679322, 36.18963394854505], [28.10157614551617, 36.18979297803134], [28.10204337643905, 36.189907633988255], [28.102519463810548, 36.18997685492763], [28.103, 36.190000000000005], [28.1281781861539, 36.190000000000005], [28.158508998121206, 36.24023540732085], [28.20635761654557, 36.359856953381765], [28.20654975803649, 36.36027933026703], [28.206780228675658, 36.36068207568317], [28.207047043460157, 36.36106172085503], [28.20734790436136, 36.36141499596577], [28.207680220117446, 36.36173885831924], [28.208041128551486, 36.362030518546185], [28.208427521222863, 36.36228746462856], [28.23033729156116, 36.37543332683153], [28.224878030857056, 36.4], [30.0, 36.4], [30.0, 33.0]], [[23.326154230687475, 35.862085065738825], [23.28989582811064, 35.88397693144559], [23.3000292458782, 35.86314712825672], [23.32736773968893, 35.840241903712595], [23.326154230687475, 35.862085065738825]], [[23.073685937885006, 36.26713315475737], [23.009526508072227, 36.3036546763431], [23.009143685010933, 36.303896164637415], [23.008784268890285, 36.30417128305695], [23.00845120505484, 36.304477777060264], [23.00814722289735, 36.30481313498917], [22.944963290806186, 36.3811996797561], [22.907497970827198, 36.336764067687994], [22.920834189110845, 36.286276955614184], [22.920926568364553, 36.28585377054844], [22.920981974801332, 36.285424178121666], [22.920999992608003, 36.28499140233096], [22.920980486564876, 36.28455869106387], [22.91421014028529, 36.20815049733715], [22.992533834150088, 36.14224397445092], [23.04735687233866, 36.1494338810986], [23.05301775854071, 36.21642103448952], [23.053081237844278, 36.21689765185648], [23.053190204627906, 36.217365967963964], [23.05334365119408, 36.217821651941954], [23.053540158507406, 36.21826048973918], [23.053777909317482, 36.21867842309365], [23.05405470496438, 36.2190715870624], [23.054367985711306, 36.21943634576356], [23.054714854416407, 36.21976932600004], [23.0550921033248, 36.22006744845405], [23.055496243733092, 36.22032795616382], [23.055923538252053, 36.220548440019314], [23.096110590683118, 36.23889470308567], [23.073685937885006, 36.26713315475737]], [[21.76752539689431, 36.72354564193589], [21.767862168835634, 36.723175476639035], [21.768160251471688, 36.72277350098113], [21.773631226147547, 36.71456703896734], [21.774856602987207, 36.74458877153897], [21.767102632877044, 36.747496510330286], [21.7588818239322, 36.722834083495755], [21.761519305308216, 36.72434121571062], [21.761965687502343, 36.724567447061744], [21.762432448437167, 36.72474792397768], [21.762914912331528, 36.72488083852957], [21.763408246099747, 36.724964859244885], [21.763907507767094, 36.72499914444548], [21.764407695976082, 36.72498335067912], [21.76490380008757, 36.72491763615996], [21.765390850374903, 36.72480265918368], [21.765863967808176, 36.724639571533025], [21.766318412929955, 36.72443000693975], [21.766749633332825, 36.724176064718726], [21.76715330926316, 36.72388028873808], [21.76752539689431, 36.72354564193589]], [[21.711506157771783, 36.78319211816011], [21.711742670512013, 36.783622049890965], [21.712020186370697, 36.784026728180066], [21.71233603254187, 36.784402255496836], [21.715725959189648, 36.78805294573291], [21.705593128469456, 36.78660539848716], [21.703686994678435, 36.767162833818745], [21.711506157771783, 36.78319211816011]], [[23.153411636612933, 37.267853092702815], [23.127584879066223, 37.282488255312614], [23.10373290824115, 37.27336838411479], [23.13281775379751, 37.249], [23.156204687383717, 37.249], [23.153411636612933, 37.267853092702815]], [[23.503511166175443, 37.354773193254296], [23.503998969389972, 37.35489876900025], [23.50449693191377, 37.35497462787559], [23.505, 37.355000000000004], [23.546739412099843, 37.355000000000004], [23.561776158845234, 37.363096709785985], [23.465642745199133, 37.352154695224634], [23.397557276052822, 37.31130341373685], [23.493024770595802, 37.32449810810458], [23.500168825301994, 37.3512883132528], [23.500322962591596, 37.351767857765886], [23.500524566431196, 37.3522294605561], [23.50077159077371, 37.352668436886084], [23.501061528606193, 37.35308033165101], [23.501391437393153, 37.353460964592784], [23.50175796893987, 37.35380647272487], [23.502157403372742, 37.354113349537144], [23.502585686891724, 37.354378480582945], [23.503038472911722, 37.35459917508712], [23.503511166175443, 37.354773193254296]], [[23.49898630692867, 37.52842342483789], [23.498594489852366, 37.52861667695354], [23.498221038076416, 37.52884339433825], [23.497868802785653, 37.529101846077324], [23.49754047318382, 37.52939005897442], [23.480653975643545, 37.54557295245052], [23.479956139503415, 37.540339181399546], [23.479867141406647, 37.53985503950823], [23.47973096824351, 37.53938199521665], [23.479548939880726, 37.5389246335356], [23.479322820639364, 37.53848738747119], [23.479054802194025, 37.53807449505771], [23.478747482329915, 37.53768995828017], [23.478403839763654, 37.537337504284864], [23.47802720527188, 37.53702054925373], [23.47762122940748, 37.53674216529285], [23.4771898471164, 37.53650505065581], [23.450242326213814, 37.523376771241736], [23.481, 37.51517472489875], [23.510947181586445, 37.52316063998847], [23.49898630692867, 37.52842342483789]], [[23.47251067110818, 37.712842722513486], [23.463662308663206, 37.69434160103763], [23.484398662389964, 37.684357430724745], [23.522452522814874, 37.696136006570555], [23.556051503576047, 37.76515012921512], [23.545383666448636, 37.76891524820127], [23.430862568167424, 37.757650877878525], [23.438077466095372, 37.73744916368028], [23.470439106788323, 37.71936471741069], [23.47086466339743, 37.719098012154625], [23.471261317830702, 37.71878996121447], [23.47162506816031, 37.718443672579255], [23.471952244434668, 37.71806264002597], [23.472239545705317, 37.717650707870085], [23.472484073330893, 37.71721203217951], [23.47268336022208, 37.71675103884316], [23.47283539573262, 37.71627237891721], [23.4729386459451, 37.71578088169973], [23.47299206914697, 37.715281506006825], [23.47299512634061, 37.71477929014215], [23.472947786681363, 37.71427930106444], [23.47285052778875, 37.713786583265914], [23.472704330927662, 37.71330610787739], [23.47251067110818, 37.712842722513486]], [[20.915738119312774, 37.760540863788044], [20.91527111019667, 37.76081035079735], [20.91483583487756, 37.76112855852712], [20.914437355098364, 37.7614917865936], [20.914080304712886, 37.76189581107917], [20.91376883579955, 37.76233593365157], [20.8971674215777, 37.788702885650984], [20.84774163332675, 37.831344742181216], [20.75104833312317, 37.850091402424766], [20.7505460311598, 37.850216071215854], [20.750059306993567, 37.85039199493763], [20.749593375378815, 37.85061728874636], [20.74915322829885, 37.850889538848065], [20.748743581481914, 37.851205828359824], [20.74836882387695, 37.851562768561266], [20.7480329706305, 37.8519565352012], [20.747739620068458, 37.85238290947062], [20.70585518621069, 37.92056687156466], [20.687581511268053, 37.92453940959567], [20.624, 37.86190687610773], [20.624, 37.82527320388489], [20.81680702646482, 37.657058910387526], [20.841694516580947, 37.65783664445365], [20.839009344832174, 37.7016944496836], [20.839003377178265, 37.702183739971986], [20.839045265298854, 37.70267127046802], [20.83913460800527, 37.70315237178792], [20.83927054960667, 37.70362243612417], [20.839451788105514, 37.70407696137731], [20.83967658766761, 37.70451159427538], [20.83994279524729, 37.704922172067924], [20.840247861208447, 37.70530476239523], [20.840588863744028, 37.705655700951006], [20.840962536859973, 37.705971626577735], [20.841365301655692, 37.70624951345856], [20.89136530165569, 37.73724951345856], [20.891805201071836, 37.73749253354633], [20.892267274125366, 37.73769016641958], [20.89274685257984, 37.73784041543086], [20.893239091345073, 37.737941762642905], [20.89373901742616, 37.73799318416405], [20.894241580164703, 37.73799416049241], [20.89474170226465, 37.73794468176434], [20.954741702264652, 37.72894468176434], [20.9552171232121, 37.72884959906451], [20.95568109999803, 37.72870891736991], [20.956129270019524, 37.7285239594587], [20.95655741929884, 37.728296464422044], [20.987663613650668, 37.709780872545956], [20.982803183911138, 37.726522352759886], [20.915738119312774, 37.760540863788044]], [[23.470374414187752, 37.927192611349135], [23.46988727594302, 37.92707935559089], [23.46939126030599, 37.927015331969635], [23.468891330022956, 37.927001181055886], [23.425025846339135, 37.92795477852727], [23.408000816430924, 37.91092974861906], [23.411541284288095, 37.90325873492853], [23.466116420233455, 37.88938370036615], [23.498283743609214, 37.91019785078576], [23.498700806071742, 37.91044001208109], [23.499139258688658, 37.91064086648938], [23.49959502239162, 37.910798545396254], [23.500063857061573, 37.91091158186319], [23.50054140097599, 37.9109789242749], [23.501023211387373, 37.91099994612286], [23.501504805855614, 37.91097445183394], [23.501981703949596, 37.91090267858985], [23.502449468930102, 37.9107852941206], [23.502903749026274, 37.910623390492376], [23.515647940709133, 37.905375782152376], [23.53454978317571, 37.942279379349024], [23.534812109955148, 37.942731588726765], [23.53512022019933, 37.94315393543027], [23.535470745540334, 37.94354180221906], [23.5358598539137, 37.94389094879903], [23.536283291451895, 37.94419755817882], [23.53673642898906, 37.944458278398486], [23.537214312668667, 37.94467025917425], [23.545931908498844, 37.94800345757991], [23.54549352157281, 37.948025718182215], [23.544992253427406, 37.94810260815889], [23.544501352245994, 37.94822987894185], [23.544025868062988, 37.948406221261834], [23.543570692313924, 37.948629821037265], [23.54314050751595, 37.94889837803623], [23.542739739097467, 37.94920912953962], [23.542372509872564, 37.9495588787619], [23.542042597628484, 37.94994402773738], [23.541753396262518, 37.950360614333455], [23.541507880868025, 37.95080435301013], [23.541308577128877, 37.95127067890654], [23.541157535337014, 37.95175479480095], [23.532679829219223, 37.98472365192569], [23.51665704618178, 37.994], [23.481319875823182, 37.994], [23.47460817687569, 37.97805971499971], [23.474397417090156, 37.97762035235062], [23.474144889014518, 37.977203592472954], [23.473852991253622, 37.97681339390581], [23.473524496360103, 37.97645346289916], [23.47316252449967, 37.97612721821051], [23.472770513814616, 37.975837758632295], [23.472352187767076, 37.97558783355839], [23.471911519772203, 37.97537981686938], [23.47145269545721, 37.97521568438451], [23.47098007290474, 37.975096995094695], [23.470498141258194, 37.97502487635461], [23.47001147808217, 37.97500001317465], [23.469524705883085, 37.975022641714475], [23.4690424482029, 37.97509254703987], [23.4612564993621, 37.97661175656978], [23.461369040854827, 37.976431353945614], [23.46158972335697, 37.975983542161515], [23.461764648857976, 37.9755159555601], [23.46189207344744, 37.97503325572094], [23.461970726772744, 37.974540254894215], [23.461999824703774, 37.974041868025274], [23.461979077150264, 37.973543063755294], [23.461908690953837, 37.973048814886724], [23.46178936782591, 37.972564048807186], [23.461622297352015, 37.97209359836614], [23.46140914513229, 37.97164215369406], [23.46115203617637, 37.97121421544441], [23.460853533718215, 37.970814049924655], [23.460516613662097, 37.9704456465635], [23.46014463491446, 37.97011267813851], [23.45974130589751, 37.96981846416058], [23.459310647578263, 37.969565937780196], [23.45885695338177, 37.96935761654557], [23.439920407816874, 37.96178299831962], [23.459557724930967, 37.958165597798605], [23.496271473205866, 37.971691715584086], [23.496733392029554, 37.97183691061001], [23.497207189132947, 37.971936744973064], [23.497688421235527, 37.97199028242422], [23.49817257533118, 37.971997020888], [23.498655111011264, 37.971956897170905], [23.49913150304469, 37.971870287554125], [23.49959728381562, 37.9717380042647], [23.5000480852209, 37.97156128785848], [23.500479679634218, 37.97134179558612], [23.50088801955288, 37.97108158585138], [23.50126927555542, 37.97078309890734], [23.501619872213958, 37.970449133971684], [23.50193652162469, 37.97008282297551], [23.502216254241898, 37.96968760119208], [23.50245644672644, 37.96926717502068], [23.50265484654748, 37.96882548722795], [23.502809593106768, 37.96836667997254], [23.502919235187385, 37.96789505595981], [23.502982744563294, 37.96741503809098], [23.502999525642053, 37.966931127985035], [23.50296942105031, 37.9664478637625], [23.502892713109635, 37.96596977748674], [23.502770121188927, 37.965501352662244], [23.502602794958136, 37.965046982188156], [23.50239230360664, 37.964610927161615], [23.502140621127342, 37.96419727691703], [23.50185010780453, 37.96380991067625], [23.47285010780453, 37.92880991067625], [23.47251215433135, 37.92844124011027], [23.472139060976318, 37.92810817572507], [23.471734560621073, 37.92781404990359], [23.471302700381248, 37.9275618054398], [23.47084780111417, 37.927353966095424], [23.470374414187752, 37.927192611349135]], [[20.40364465234246, 38.340293027907165], [20.40329236103797, 38.34064538924356], [20.40297688920961, 38.34103106423642], [20.40270136971568, 38.341446222860405], [20.402468538659534, 38.341886742296865], [20.4023202864499, 38.34225100285773], [20.396961389383566, 38.29937982632705], [20.396871736752235, 38.29887475290851], [20.3967308068014, 38.29838152324458], [20.396540082885043, 38.29790532880935], [20.396301572462043, 38.29745118177309], [20.396017785966723, 38.29702386224687], [20.35682323245461, 38.24411121500552], [20.35025722991918, 38.18407919182448], [20.38070904518631, 38.157977635881224], [20.420104373960626, 38.17811302614365], [20.423002970003232, 38.262172311379196], [20.423041303965597, 38.262641352974875], [20.423123565927426, 38.26310471296536], [20.423249027148064, 38.26355828654623], [20.4234165761941, 38.26399805560871], [20.42362472878532, 38.26442012433524], [20.423871640943627, 38.264820753711625], [20.424155125328415, 38.2651963946502], [20.424472670613756, 38.26554371943034], [20.424821463735697, 38.26585965117808], [20.441821463735696, 38.279859651178086], [20.442213999224577, 38.280151891096764], [20.442633223294823, 38.28040435784512], [20.44307511997637, 38.280614632910066], [20.443535456106165, 38.28078070195505], [20.44400982187989, 38.28090097411649], [20.444493673095817, 38.280974297243446], [20.444982374686123, 38.280999968934736], [20.44547124511867, 38.280977743267606], [20.4459556012439, 38.28090783315351], [20.446430803157195, 38.28079090829858], [20.446892298646997, 38.280628088788106], [20.447335666802864, 38.28042093435668], [20.447756660365712, 38.28017142944662], [20.448151246414568, 38.27988196419802], [20.448515645000064, 38.27955531155225], [20.44884636535458, 38.27919460068853], [20.44914023933216, 38.27880328704782], [20.51414023933216, 38.18280328704782], [20.51439685056975, 38.182380694240614], [20.514610472215058, 38.181934824528014], [20.514779015612277, 38.181470037338855], [20.51490083285189, 38.18099087706495], [20.514974732882852, 38.18050202862894], [20.514999993157932, 38.18000827167815], [20.514976366698317, 38.17951443385218], [20.514904084508416, 38.17902534358139], [20.514783853317244, 38.17854578287759], [20.51461684866848, 38.178080440578576], [20.51440470342675, 38.17763386650368], [20.51414949181252, 38.17721042696854], [20.513853709121705, 38.17681426209407], [20.51352024732824, 38.17644924532697], [20.513152366808242, 38.17611894556772], [20.512753664462103, 38.17582659227607], [20.512328038546322, 38.17557504389549], [20.51187965055884, 38.17536675990514], [20.51141288455057, 38.175203776772626], [20.51093230426096, 38.17508768804279], [20.510442608496668, 38.17501962875694], [20.509948585189623, 38.17500026435526], [20.509455064583705, 38.175029784170476], [20.5089668720077, 38.175107899576716], [20.508488780696332, 38.1752338468115], [20.47876017488498, 38.18465999011754], [20.513601741272154, 38.11497685734319], [20.562982096660225, 38.096122539831384], [20.576788642996693, 38.117695268482116], [20.57706345927993, 38.11808279859207], [20.57737381521582, 38.118442496755414], [20.577716908866584, 38.11877111556568], [20.578089642733662, 38.11906568820525], [20.578488651722402, 38.1193235552302], [20.57891033352258, 38.11954238858016], [20.57935088113059, 38.119720212596334], [20.579806317219624, 38.11985542185808], [20.580272530047527, 38.119946795676825], [20.614272530047526, 38.12494679567682], [20.61476962453279, 38.124994689894685], [20.61526901721408, 38.1249927577288], [20.61576572621425, 38.1249410184542], [20.61625479642823, 38.12483998821524], [20.616731348954488, 38.124690674876575], [20.61719062976634, 38.12449456796887], [20.734997401075308, 38.067076141616596], [20.791474454928238, 38.07077955498401], [20.802700845028188, 38.10014088293772], [20.79347877109986, 38.12872931211553], [20.747412697673578, 38.1934178407567], [20.706093809031405, 38.22293133264396], [20.70571808703234, 38.2232278590598], [20.70537243981891, 38.22355895261111], [20.705060034832158, 38.223921579223656], [20.70478373488811, 38.22431241586062], [20.704546071943476, 38.224727880974214], [20.70434922389334, 38.22516416732632], [20.6903981996213, 38.26050676214883], [20.674220187132637, 38.263061185173356], [20.67373666516942, 38.263162233458935], [20.673265473568666, 38.263310499167396], [20.672811211240397, 38.26350453520025], [20.672378311862072, 38.26374244773286], [20.67197100060513, 38.26402191469852], [20.671593252896596, 38.26434020845219], [20.671248755618247, 38.264694222392784], [20.670940871122014, 38.265080501284146], [20.670672604412857, 38.26549527497869], [20.67044657381941, 38.265934495214736], [20.67026498543865, 38.26639387512821], [20.670129611603997, 38.26686893109314], [20.670041773587066, 38.26735502648266], [20.670002328701816, 38.267847416923225], [20.670011661937032, 38.26834129660052], [20.670069682198744, 38.268831845165046], [20.67017582319935, 38.26931427477952], [20.670329048984666, 38.26978387684898], [20.670527864045003, 38.2702360679775], [20.67107664426047, 38.271333628408435], [20.63312898518165, 38.253475906488994], [20.632669220337892, 38.253286858429504], [20.63219295539262, 38.253144399374825], [20.631704898184438, 38.25304993752064], [20.63120987311747, 38.25300440661437], [20.63071277347253, 38.25300825672516], [20.630218513037462, 38.253061449795], [20.629731977534757, 38.25316346001488], [20.629257976326613, 38.25331327902246], [20.62880119487478, 38.253509425869524], [20.628366148425183, 38.253749961661136], [20.627957137375088, 38.25403250872139], [20.62757820476405, 38.254354274096535], [20.6272330963088, 38.254712077163134], [20.626925223377157, 38.255102381068205], [20.594925223377157, 38.3001023810682], [20.594665911230738, 38.300506874543835], [20.594446621405513, 38.30093439031391], [20.5942693788918, 38.301380980565085], [20.59413582040199, 38.301842521344334], [20.594047179256652, 38.302314750640825], [20.59400427399563, 38.302793307742625], [20.59400750081943, 38.303273773504905], [20.594056829930555, 38.303751711157645], [20.59415180580868, 38.30422270727619], [20.594291551417065, 38.30468241253616], [20.594474776301375, 38.305126581876486], [20.594699788506148, 38.30555111369957], [20.59496451019883, 38.305952087746775], [20.59526649685714, 38.306325801299266], [20.59560295984251, 38.30666880337009], [20.621000000000002, 38.33018458129369], [20.621000000000002, 38.35094290364433], [20.56874521964585, 38.468999999999994], [20.54378339479141, 38.468999999999994], [20.555947499399597, 38.38572266845163], [20.55599440711049, 38.385236426763846], [20.55599364194447, 38.38474792832291], [20.555945211205245, 38.38426183596978], [20.555849577176442, 38.383782789578696], [20.555707652709014, 38.38331536176842], [20.55552079250784, 38.38286401425541], [20.555290780200714, 38.38243305526566], [20.55501981131319, 38.38202659841153], [20.55471047231172, 38.381648523426314], [20.554365715915168, 38.38130243913121], [20.553988832910395, 38.38099164898821], [20.55358342074084, 38.38071911956768], [20.55315334916802, 38.38048745223177], [20.55270272333369, 38.380298858303675], [20.552235844575222, 38.380155137960074], [20.55175716936824, 38.38005766304793], [20.55127126678846, 38.38000736398988], [20.550782774898693, 38.38000472090315], [20.550296356477364, 38.380049759016664], [20.549816654511122, 38.38014204843026], [20.549348247876356, 38.380280708218166], [20.535873496761777, 38.38499687110827], [20.534999173758568, 38.33690910593167], [20.53496772567042, 38.336432812497094], [20.534891002839693, 38.33596168828279], [20.534769704501137, 38.33550002700963], [20.534604936140724, 38.3350520361554], [20.534398199420504, 38.33462179860872], [20.53415137849278, 38.33421323545852], [20.533866722828385, 38.333830070258124], [20.533546826715483, 38.333475795089626], [20.533194605615826, 38.333153638737805], [20.532813269593866, 38.33286653726372], [20.532406294060966, 38.33261710724611], [20.481406294060964, 38.3046171072461], [20.480954464267086, 38.30439781905737], [20.480482914908148, 38.30422496456817], [20.479996403680882, 38.30410028779368], [20.47949983923978, 38.30402504666008], [20.478998231671223, 38.3040000003127], [20.478496641944215, 38.30402540145663], [20.478000130847754, 38.30410099380707], [20.47751370793, 38.304226014675066], [20.477042280954443, 38.30439920266272], [20.47659060638303, 38.304618810390025], [20.47616324138585, 38.30488262212506], [20.475764497861572, 38.3051879761396], [20.47539839893254, 38.30553179156467], [20.426843207674544, 38.355954490178746], [20.410443747309575, 38.340375002832026], [20.410065854989963, 38.34005024897234], [20.40965751656279, 38.33976471893276], [20.409222787117326, 38.339521248228465], [20.40876598382431, 38.33932225469566], [20.408291643063396, 38.339169714480825], [20.407804475373695, 38.339065142416125], [20.40730931867478, 38.3390095769761], [20.40681109022274, 38.33900356996486], [20.406314737778345, 38.339047181036264], [20.40582519047228, 38.33913997710154], [20.405347309855397, 38.339281036630155], [20.40488584162008, 38.33946895880127], [20.404445368472146, 38.33970187741486], [20.404030264621372, 38.33997747942443], [20.40364465234246, 38.340293027907165]], [[20.717213908105414, 38.36714959516003], [20.71673530682916, 38.36705436314849], [20.716249701657784, 38.36700623898428], [20.715761718044977, 38.36700568105645], [20.715276004099415, 38.36705269467933], [20.67795836667927, 38.37251381235057], [20.69200341109287, 38.34032725223607], [20.720175435352246, 38.32124297773779], [20.75629104937469, 38.326860962141275], [20.733583254896526, 38.369656420965505], [20.733375086588236, 38.37009995370222], [20.733211327685137, 38.37056173108882], [20.733093550635147, 38.37103731904032], [20.733022886358622, 38.37152215085976], [20.733000013389027, 38.372011571088585], [20.733025151357488, 38.372500880209344], [20.733098058883876, 38.37298537977148], [20.733218035894563, 38.37346041750685], [20.7333839303447, 38.37392143200177], [20.733594149280393, 38.374363996496726], [20.733846674134572, 38.37478386139302], [20.734139080109713, 38.375176995058354], [20.734468559461277, 38.37553962253941], [20.734831948458233, 38.37586826180974], [20.735225757761917, 38.37615975720499], [20.735646205931385, 38.37641130972417], [20.736089255733624, 38.37662050390634], [20.736109007458083, 38.376627559909245], [20.716027335139124, 38.38642349762581], [20.71068936225426, 38.38375451118338], [20.71940225549684, 38.37566396745813], [20.719743217461474, 38.375314863954394], [20.720048524783042, 38.374934185931586], [20.720315269368786, 38.37452555939839], [20.72054091044113, 38.37409287657678], [20.720723298738918, 38.37364025882803], [20.72086069698941, 38.37317201739628], [20.720951796456028, 38.372692612343286], [20.720995729404272, 38.37220661006582], [20.72099207736698, 38.371718639800044], [20.720940875130285, 38.37123334952752], [20.72084261040229, 38.370755361702486], [20.72069821916757, 38.3702892292224], [20.720509076771798, 38.369839392061], [20.720276984821393, 38.36941013497695], [20.72000415402298, 38.36900554670094], [20.719693183126125, 38.36862948098998], [20.71934703416989, 38.36828551991988], [20.71896900426901, 38.36797693976548], [20.71856269420846, 38.36770667979369], [20.718131974145496, 38.367477314266615], [20.71768094674587, 38.36729102792135], [20.717213908105414, 38.36714959516003]], [[20.643486632814415, 38.45058376779625], [20.64381706449869, 38.45022955393404], [20.644111668824994, 38.44984502714813], [20.644367680606972, 38.44943379664629], [20.64458269689185, 38.448999722280085], [20.67268144411621, 38.38460675989092], [20.7018824474052, 38.44386761950682], [20.6596, 38.456199999999995], [20.65913475673883, 38.45636094108933], [20.658687595394007, 38.456566853832975], [20.658262850807105, 38.4568157420854], [20.657864640508663, 38.45710519309078], [20.657496824802294, 38.45743240087255], [20.657162969342398, 38.457794193434935], [20.65686631056822, 38.4581870635127], [20.65660972432939, 38.45860720257104], [20.656395698007046, 38.45905053772602], [20.656226306400832, 38.45951277122767], [20.656103191615518, 38.459989422122916], [20.656027547142212, 38.46047586969456], [20.65600010628851, 38.46096739825512], [20.656021135069686, 38.46145924286134], [20.65609042962995, 38.46194663550615], [20.656207318218605, 38.462424851340415], [20.665678596447727, 38.49428278720201], [20.656377728396542, 38.49634964676894], [20.64024820083099, 38.470363185691106], [20.639972831368603, 38.469964112828734], [20.639660103387985, 38.469593587930206], [20.63931295762658, 38.469255095226245], [20.63893465846942, 38.46895181773287], [20.63852876325248, 38.46868660731988], [20.638099088811277, 38.46846195789328], [20.637649675589255, 38.468279981943866], [20.637184749643467, 38.46814239068241], [20.636708682904867, 38.46805047794829], [20.636225952066848, 38.46800510804286], [20.635741096488655, 38.46800670760201], [20.63525867550953, 38.46805526158428], [20.634783225574964, 38.46815031341233], [20.63431921757823, 38.46829096926633], [20.63387101481835, 38.468475906489], [20.622192047394876, 38.47397189115887], [20.62072172068852, 38.468825747686616], [20.643123475237772, 38.45090434404722], [20.643486632814415, 38.45058376779625]], [[24.167955148490428, 38.2673317908727], [24.16786516714024, 38.266846679273776], [24.16772781270271, 38.266372797785124], [24.167544422624957, 38.26591476068381], [24.167316782612165, 38.265477027966995], [24.167047109239814, 38.265063861924055], [24.143168080293982, 38.23214952472845], [24.155952354556344, 38.23488901207038], [24.15645891596621, 38.23497063658583], [24.156971175359395, 38.23499991691332], [24.157483738295674, 38.23497654471107], [24.157991207138306, 38.23490076610429], [24.158488237894815, 38.234773379093305], [24.158969596492895, 38.234595725150086], [24.186969596492894, 38.22259572515009], [24.18741997448017, 38.22237535410171], [24.187846016842975, 38.222110983839606], [24.18824343923574, 38.22180527291059], [24.188608245119575, 38.22146129558938], [24.188936765952086, 38.22108251096324], [24.18922569807875, 38.2206727281469], [24.189472135954997, 38.2202360679775], [24.215472135954997, 38.168236067977496], [24.215672767629197, 38.16777911289229], [24.215826847132778, 38.16730443350032], [24.215932839457825, 38.1668167587669], [24.215989688662074, 38.166320947122664], [24.2159968283887, 38.16582193806173], [24.2159541875086, 38.16532470293231], [24.21586219082901, 38.16483419540991], [24.215721754861406, 38.16435530214666], [24.21553427869079, 38.16389279408831], [24.2153016300374, 38.16345127894399], [24.21502612664966, 38.16303515528217], [24.214710513213753, 38.16264856871015], [24.191554335126355, 38.137011371541966], [24.212828261862114, 38.128653757467205], [24.213283572336994, 38.12844806670158], [24.213716082134983, 38.12819796353439], [24.21412147279592, 38.1279059451589], [24.214495696634817, 38.12757492727721], [24.214835017156574, 38.12720821498793], [24.215136046363607, 38.12680946978594], [24.215395778583797, 38.126382673003626], [24.215611620481116, 38.125932086058675], [24.21578141694916, 38.12546220790529], [24.21590347262915, 38.124977730113656], [24.215976568837505, 38.12448349002633], [24.21599997573396, 38.12398442245897], [24.215973459608787, 38.12348551042794], [24.215897285216283, 38.12299173539665], [24.21007449846256, 38.09470962830714], [24.28624361276857, 38.09099406175562], [24.286716522212185, 38.09094839326645], [24.287182962063458, 38.09085804495208], [24.287638720763223, 38.09072383258172], [24.288079683194116, 38.0905469679801], [24.28850186783663, 38.09032904808567], [24.288901462718872, 38.0900720405316], [24.289274859835476, 38.08977826587974], [24.289618687724836, 38.08945037666786], [24.330618687724836, 38.04645037666786], [24.330947113393076, 38.046069250048824], [24.331235575182493, 38.04565704777403], [24.33148115246455, 38.04521794332422], [24.331681358809355, 38.04475638256029], [24.33183416716034, 38.04427703870962], [24.331938030357904, 38.043784765050475], [24.331991896804112, 38.04328454577328], [24.331995221110002, 38.04278144551658], [24.33194796961751, 38.04228055808836], [24.331850620740287, 38.041786954892046], [24.331704160119823, 38.041305633579455], [24.331510070646, 38.040841467450306], [24.331270317443057, 38.04039915611089], [24.330987327973038, 38.039983177891315], [24.330663967458133, 38.03959774450316], [24.320971194617346, 38.02915937375155], [24.373469195859947, 37.97756651046141], [24.39261809841633, 37.982672884476436], [24.382359000036534, 37.993573176504974], [24.382046883331352, 37.993938485896805], [24.38177127251843, 37.994332067488365], [24.38153471278414, 37.99475028666718], [24.381339388689394, 37.995189281299744], [24.38118710399587, 37.99564499739726], [24.381079265008793, 37.99611322655299], [24.381016867590105, 37.99658964480574], [24.38100048796197, 37.997069852570355], [24.381030277385527, 37.997549415266626], [24.381105960764046, 37.99802390427138], [24.381226839183352, 37.9984889378155], [24.38139179636611, 37.99894022144834], [24.381599308980313, 37.999373587695715], [24.38184746070682, 37.99978503454531], [24.382133959936006, 38.00017076240415], [24.38245616093013, 38.000527209186714], [24.382811088255934, 38.00085108320977], [24.38319546426194, 38.00113939359012], [24.383605739346596, 38.00138947786457], [24.427605739346596, 38.02538947786457], [24.428055085628724, 38.02560622492812], [24.42852379480701, 38.025777114006196], [24.42900720057466, 38.025900443786135], [24.429500490310705, 38.02597498643921], [24.429998752992805, 38.0259999998445], [24.430497028089675, 38.025975234977174], [24.430990354946445, 38.0259009383877], [24.431473822171206, 38.025777849747286], [24.431942616531146, 38.025607194483946], [24.43239207087143, 38.02539067158258], [24.43281771057978, 38.02513043667045], [24.433215298134183, 38.02482908055652], [24.433580875290176, 38.02448960343825], [24.43391080248778, 38.02411538503264], [24.478826326952287, 37.96773206708783], [24.563173132164312, 37.99209892192686], [24.58845742523624, 38.06139661404991], [24.57578169256134, 38.08131562253904], [24.575543489015303, 38.08173295129226], [24.575346446556555, 38.082171218889805], [24.575192385102486, 38.08262637741821], [24.575082727590676, 38.08309422295651], [24.575018486836402, 38.0835704344044], [24.57500025617811, 38.0840506133926], [24.57502820399724, 38.084530324906964], [24.582319389506072, 38.15288518905224], [24.478894427191, 38.134080650449505], [24.478432820182316, 38.1340187685569], [24.477967457845693, 38.134000105900306], [24.47750237785834, 38.1340248244047], [24.477041615447675, 38.13409270960205], [24.476589168380045, 38.13420317249215], [24.392530958970056, 38.15892617525979], [24.34450756844007, 38.15402582928734], [24.344003642614723, 38.154000001326864], [24.343499679691774, 38.15402509501707], [24.34300081219737, 38.154100854795466], [24.34251212076412, 38.15422650909926], [24.342038582388234, 38.15440077822319], [24.34158501974214, 38.154621887352505], [24.3411560520588, 38.15488758463823], [24.340756048087865, 38.155195164130774], [24.340389081602925, 38.155541493338205], [24.340058889912797, 38.15592304512862], [24.339768835799553, 38.15633593365157], [24.323446794644248, 38.182259175486465], [24.24955698315534, 38.223637469920256], [24.24914846329865, 38.223892843022135], [24.2487664175529, 38.224186347609205], [24.248414392890318, 38.22451525873916], [24.248095657562704, 38.22487652274983], [24.247813170758494, 38.22526678560986], [24.24756955512918, 38.22568242405807], [24.247367072440216, 38.22611957924235], [24.24720760257243, 38.226574192545876], [24.247092626068916, 38.22704204326792], [24.247023210389447, 38.227518787809494], [24.247, 38.228], [24.247, 38.2901771446747], [24.211173189570474, 38.33278200032062], [24.210869051681648, 38.33318303958297], [24.210606773905862, 38.33361262393289], [24.210389013980887, 38.33406640026595], [24.210217978532015, 38.33453977033322], [24.210095400711708, 38.335027937336754], [24.21002252263703, 38.335525954536855], [24.206174147449712, 38.37593389400368], [24.18122155458605, 38.40472534730791], [24.180923473492136, 38.40510484341863], [24.18066336436808, 38.40551130729178], [24.18044365007457, 38.4059409528036], [24.18026637720311, 38.406389777898305], [24.180133197012474, 38.406853601866445], [24.18004535004756, 38.40732810428725], [24.180003654584002, 38.40780886527248], [24.1800084990061, 38.40829140663669], [24.1800598381891, 38.408771233610594], [24.18015719391952, 38.40924387670887], [24.180299659349625, 38.40970493336246], [24.180485907444496, 38.41015010892756], [24.180714203343086, 38.41057525668926], [24.180982420518077, 38.410976416487394], [24.181288060584023, 38.4113498516045], [24.18162827656929, 38.41169208357257], [24.181999899434953, 38.41199992457424], [24.18239946759375, 38.41227050713664], [24.182823259154006, 38.41250131084123], [24.18326732658825, 38.41269018580103], [24.183727533503603, 38.41283537268632], [24.19558769197788, 38.41595646702165], [24.179982214033277, 38.43702386224687], [24.179719747627498, 38.437415538812886], [24.17949534107969, 38.43783019631955], [24.17931098980522, 38.43826414764647], [24.179168333049326, 38.438713534113255], [24.17906863931101, 38.43917435979079], [24.17901279506359, 38.43964252703287], [24.179001296872205, 38.44011387291238], [24.179034246978386, 38.44058420623784], [24.183034246978384, 38.474584206237836], [24.183119795838547, 38.47508793719604], [24.183256306423083, 38.47558030732718], [24.183442353214836, 38.47605617503674], [24.18367599341285, 38.4765105710574], [24.18395478722014, 38.476938750340814], [24.184275823321382, 38.47733624160792], [24.223596383720178, 38.52122896019262], [24.123043181681865, 38.594967975020715], [24.122678512506113, 38.59526265858825], [24.122343048773008, 38.59559020415224], [24.122039740175065, 38.595947731643676], [24.12177125366855, 38.59633209736605], [24.121539950023227, 38.59673992163749], [24.12134786306441, 38.59716761850792], [24.12119668178978, 38.59761142728985], [24.12108773551822, 38.598067445625695], [24.121021982201274, 38.59853166380073], [24.121000000000002, 38.599], [24.121000000000002, 38.635], [24.121026518435993, 38.63551427729141], [24.121105792452987, 38.63602309945106], [24.12123698116181, 38.63652106921178], [24.121418692994705, 38.63700290442189], [24.121649000466235, 38.637463494074915], [24.121925460618815, 38.637897952523964], [24.122245140936105, 38.638301671305605], [24.122604650449293, 38.638670368023575], [24.123000175706373, 38.63900013177375], [24.12342752122286, 38.63928746462856], [24.143877914913546, 38.65155770084297], [24.072044602814362, 38.67405970222344], [23.984933083203632, 38.68091117005799], [23.95013503152704, 38.664478756766265], [23.949676528853466, 38.66428945321608], [23.949201525076376, 38.66414651285251], [23.94871469538312, 38.664051342554856], [23.948220831356714, 38.6640048790293], [23.947724793815027, 38.66400757958944], [23.947231464968592, 38.664059417655224], [23.857231464968592, 38.67805941765523], [23.85679312964968, 38.67814783924859], [23.856364447180585, 38.6782750696328], [23.752364447180586, 38.7142750696328], [23.751891147712755, 38.71446648678941], [23.751439835384684, 38.71470517088321], [23.751015215631313, 38.71498863336599], [23.75062171558769, 38.71531391882488], [23.75026343793114, 38.71567763579577], [23.749944118106264, 38.71607599212312], [23.72065815964296, 38.75669845063673], [23.662570029549236, 38.750032599642374], [23.662018995522953, 38.75000003608312], [23.66146772998008, 38.7500284118608], [23.660922951720444, 38.75011738113268], [23.592922951720446, 38.76511738113268], [23.592456608786787, 38.765244167416434], [23.59200468424431, 38.76541538278206], [23.591571399981007, 38.765629427732236], [23.591160803747027, 38.765884302654825], [23.59077673134049, 38.76617762650326], [23.590422770773404, 38.76650665904035], [23.590102228752368, 38.76686832643765], [23.58981809978727, 38.7672592499912], [23.589573038216518, 38.767675777685426], [23.589369333410136, 38.768114018310406], [23.58920888838245, 38.768569877813555], [23.589093202014077, 38.769039097546404], [23.589023355049353, 38.76951729404894], [23.589000000000002, 38.77], [23.589000000000002, 38.785706813661115], [23.478025541411377, 38.83340636165096], [23.47757674402529, 38.83362646247518], [23.477152165964732, 38.83389027478929], [23.47675605069155, 38.83419516191091], [23.47639235719515, 38.834538076633926], [23.476064720424244, 38.83491559168387], [23.447064720424244, 38.871915591683866], [23.446804587880163, 38.872279978466125], [23.446578093591224, 38.87266617401848], [23.446387053558446, 38.87307108187645], [23.446232999515342, 38.873491455542826], [23.421994798240632, 38.9500841715709], [23.383384280733544, 38.963268250719665], [23.382946565764545, 38.963441117698316], [23.38252704236545, 38.963654372250446], [23.3821294271341, 38.963906125133626], [23.381757242581777, 38.96419414604503], [23.381413785926966, 38.96451588337992], [23.38110209988495, 38.964868486836515], [23.38082494571213, 38.96524883266716], [23.38058477874378, 38.96565355135181], [23.380383726642, 38.966079057449015], [23.380223570546544, 38.96652158135965], [23.367899365687457, 39.00633824321208], [23.298755300091134, 39.03664797059677], [23.201581138830083, 39.00425658350975], [23.20113108038544, 39.00412961426972], [23.20067112843534, 39.004045246058254], [23.200205306157258, 39.004004216839995], [23.12837048866856, 39.001052101052785], [23.098429735850402, 38.98472078133379], [23.091897285216284, 38.95299173539665], [23.091772328538568, 38.95250839672836], [23.091599795479276, 38.95203992817764], [23.091381406058016, 38.95159100000939], [23.091119337446447, 38.951166087686204], [23.090816202263575, 38.95076942725148], [23.090475022529997, 38.9504049730994], [23.090099199540717, 38.95007635855272], [23.08969247995688, 38.949786859641335], [23.089258918454515, 38.9495393624429], [23.08880283730258, 38.94933633431082], [23.088328783273305, 38.949179799276735], [23.08784148231446, 38.94907131787245], [23.04939888108601, 38.94250794693101], [23.040514302594122, 38.92385033209804], [23.040270781643642, 38.923399918433525], [23.0399824730193, 38.92297677181633], [23.039652400212752, 38.92258532978373], [23.039284024696496, 38.9222296973871], [23.038881209623423, 38.92191360414229], [23.038448179313963, 38.921640364918176], [23.037989474955623, 38.92141284517365], [23.037509906979594, 38.92123343090756], [22.87729116983908, 38.870480911689135], [22.838886053865732, 38.84237960731839], [22.83827027030182, 38.8288323689123], [22.97869277673209, 38.849565893351674], [22.985013307905415, 38.862206955698326], [22.954301777681113, 38.87329723050154], [22.953842315169382, 38.873489523731166], [22.953404264010306, 38.87372657576739], [22.95299197111671, 38.87400603427189], [22.95260952779443, 38.87432512609424], [22.952260729143063, 38.87468068479073], [22.951949036396076, 38.87506918204596], [22.95167754257393, 38.87548676268534], [22.951448941791107, 38.87592928293114], [22.951265502521636, 38.876392351522455], [22.951129045088308, 38.876871373290996], [22.951040923599102, 38.877361594760316], [22.951002012509935, 38.877858151316], [22.9510126979472, 38.87835611547864], [22.9510728738761, 38.87885054580075], [22.951181943152875, 38.879336535902205], [22.951338823450435, 38.879809263157696], [22.95154195799861, 38.88026403655312], [22.951789331032455, 38.8806963432359], [22.95207848779528, 38.88110189329737], [22.95240655889795, 38.881476662342834], [22.952770288792667, 38.88181693142685], [22.96577028879267, 38.89281693142685], [22.966177793375145, 38.89312736595986], [22.966614923178042, 38.8933944747756], [22.96707708956967, 38.89361545398384], [22.967559441104672, 38.89378798392532], [22.968056914450543, 38.893910253521604], [22.96856428753835, 38.893980979286326], [22.96907623437976, 38.89399941879816], [22.969587380974904, 38.893965378494165], [22.970092361724255, 38.893879215701666], [23.037092361724255, 38.878879215701666], [23.037541211831677, 38.87875653929763], [23.037976714063248, 38.878592668234496], [23.038395096692337, 38.87838902174002], [23.03879273625897, 38.878147363522515], [23.039166188951288, 38.87786978649602], [23.070667439361053, 38.85209603616076], [23.14373371178542, 38.85599290402339], [23.144234335887667, 38.855994505650386], [23.14473261075336, 38.8559460369473], [23.14522354113597, 38.855847983816865], [23.145702205418022, 38.85570132924978], [23.203702205418026, 38.83470132924978], [23.20419160019912, 38.83449409485517], [23.204656233987837, 38.83423608557537], [23.448656233987837, 38.68123608557537], [23.4489946359257, 38.68100401744159], [23.449312869411017, 38.68074498281245], [23.501312869411016, 38.63474498281245], [23.50164266773453, 38.63442505062383], [23.501941703941828, 38.63407619408279], [23.502207452689614, 38.633701359262425], [23.50243766974523, 38.633303711620904], [23.502630410939098, 38.63288660926932], [23.50278404858309, 38.63245357461268], [23.502897285216285, 38.63200826460335], [23.50933055626136, 38.60076094809868], [23.61568441773176, 38.56270773160927], [23.616125317022636, 38.562525817887774], [23.616546877221925, 38.562302721977595], [23.61694526238834, 38.562040473915744], [23.617316847459307, 38.561741460000015], [23.617658251236787, 38.56140840107507], [23.61796636715417, 38.561044327774454], [23.6182383915441, 38.56065255294366], [23.618471849150165, 38.56023664149523], [23.618664615650214, 38.559800377970255], [23.640664615650213, 38.50280037797025], [23.640819501438997, 38.5023313173474], [23.640927347452614, 38.50184926266915], [23.640987101081723, 38.5013589189333], [23.640998179113033, 38.500865072041336], [23.64096047342165, 38.500372542086595], [23.640874352026398, 38.49988613630872], [23.64074065549784, 38.499410602173526], [23.64056068875408, 38.49895058103638], [23.640336208324342, 38.49851056284114], [23.640069405204752, 38.49809484229696], [23.639762883473534, 38.497707476960656], [23.611470554367994, 38.465373386554326], [23.612143046618232, 38.46564238345442], [23.612610495359846, 38.4658030487042], [23.613091523544032, 38.46591677440289], [23.613581430146834, 38.465982449124475], [23.614075427376697, 38.46599943103871], [23.61456868746492, 38.46596755418362], [23.615056389846785, 38.465887130087445], [23.615533768272297, 38.46575894472409], [23.6159961573861, 38.46558425083192], [23.61643903832137, 38.465364755670926], [23.6168580828621, 38.4651026043379], [23.617249195742172, 38.46480035880267], [23.61760855466784, 38.464460972870334], [23.6179326476725, 38.46408776331411], [23.61821830743866, 38.463684377460964], [23.651744729459274, 38.411], [23.844, 38.411], [23.844506741511317, 38.41097425502369], [23.845008264603354, 38.41089728521628], [23.912318586613846, 38.39703927774354], [24.041616517505577, 38.40698527242751], [24.042112712021382, 38.40699872943859], [24.042607795692188, 38.40696292095409], [24.043096889169618, 38.40687819988823], [24.043575172142255, 38.40674540121826], [24.04403793084274, 38.40656583375521], [24.044480604504788, 38.40634126724481], [24.044898830312277, 38.40607391492556], [24.04528848639746, 38.40576641171591], [24.045645732464443, 38.4054217882456], [24.045967047637617, 38.40504344098692], [24.04624926516203, 38.40463509878046], [24.046489603613637, 38.40420078608511], [24.071489603613635, 38.35320078608511], [24.0716849405203, 38.35274680632048], [24.07183450478341, 38.35227575996926], [24.071936835135396, 38.35179224923219], [24.071990931791795, 38.35130099808912], [24.071996266219326, 38.35080680614495], [24.07195278629975, 38.3503145017367], [24.071860916839075, 38.34982889475982], [24.07172155541712, 38.34935472967478], [24.071536063618023, 38.34889663915286], [24.07130625372733, 38.348459098814224], [24.07103437102567, 38.34804638350031], [24.070723071852, 38.347662525507985], [24.07037539765072, 38.347311275193306], [24.069994745256267, 38.34699606432993], [24.06958483370547, 38.346719972580104], [24.06914966790196, 38.34648569740588], [24.040170730566786, 38.33268620343675], [24.123105932652216, 38.31387615760294], [24.12358747550724, 38.3137412995596], [24.124053139148728, 38.31355901520462], [24.124498265632443, 38.313331127893484], [24.124918402443395, 38.31305991713935], [24.12530934703351, 38.31274809581144], [24.125667188858916, 38.31239878299881], [24.125988348496346, 38.312015472810636], [24.126269613447445, 38.31160199942532], [24.12650817027276, 38.31116249873798], [24.12670163273405, 38.31070136698983], [24.126848065663353, 38.31022321679346], [24.12694600432012, 38.30973283099372], [24.126994469042717, 38.30923511482587], [24.126992975047806, 38.30873504684943], [24.126941537279528, 38.30823762914863], [24.126840670260037, 38.30774783729747], [24.12669138294281, 38.30727057059007], [24.1264951686203, 38.30681060303392], [24.126253989986797, 38.30637253559639], [24.109965070941968, 38.28], [24.115, 38.28], [24.115493059267855, 38.27997562986549], [24.115981312167442, 38.27990275702335], [24.11645999918322, 38.279782091841966], [24.116924454048412, 38.279614810572006], [24.117370149231995, 38.27940254388031], [24.117792740073345, 38.27914736095399], [24.118188107134202, 38.27885174932996], [24.118552396355184, 38.278518590646215], [24.118882056625367, 38.27815113255155], [24.1191738743987, 38.27775295704723], [24.119425005019828, 38.27732794556949], [24.11963300045394, 38.27688024115309], [24.119795833150363, 38.27641420804476], [24.1199119158072, 38.275934389160334], [24.119980116844477, 38.275445461800096], [24.119999771434806, 38.274952192054265], [24.11997068798419, 38.274459388342855], [24.119893149999662, 38.27397185454297], [24.11976791332567, 38.273494343160316], [24.117603000958315, 38.26663878733036], [24.15052995296195, 38.285347282786965], [24.150955528648485, 38.28556290881925], [24.15139971795872, 38.28573699244124], [24.151858476828817, 38.2858679487312], [24.15232762854826, 38.28595458541463], [24.152802901786195, 38.285996113719094], [24.153279969479204, 38.28599215555554], [24.15375448822648, 38.28594274696056], [24.154222137833752, 38.28584833776828], [24.15467866064596, 38.28570978751492], [24.155119900310492, 38.28552835761326], [24.155541839618166, 38.28530569986825], [24.1559406370774, 38.28504384143841], [24.156312661888553, 38.284745166379764], [24.156654527000086, 38.28441239394057], [24.15696311994552, 38.28404855380425], [24.16696311994552, 38.27104855380425], [24.167244281591074, 38.27064311819177], [24.16748411583374, 38.27021194601869], [24.16768028736043, 38.26975923569308], [24.16783088601048, 38.269289395344245], [24.16793444537528, 38.268806999899866], [24.16798995707697, 38.268316746539064], [24.16799688058721, 38.26782340895505], [24.167955148490428, 38.2673317908727]], [[20.914059453529536, 38.56881734237397], [20.903632434821933, 38.554], [20.905169048105158, 38.554], [20.914059453529536, 38.56881734237397]], [[20.937322127189613, 38.6299833209535], [20.93902795118032, 38.644198520876046], [20.891922933944223, 38.625191233219375], [20.88073367792656, 38.59491442281865], [20.937322127189613, 38.6299833209535]], [[20.755966675057536, 38.62995504482343], [20.7562669073218, 38.630326262024546], [20.756601176674202, 38.6306671514831], [20.792542631346272, 38.66397874361819], [20.782877197767245, 38.66934842893987], [20.743983159980722, 38.64990141004662], [20.755712389254413, 38.62957074597221], [20.755966675057536, 38.62995504482343]], [[20.566852016138856, 38.689597179825725], [20.552392804575096, 38.58668161516602], [20.581158893602012, 38.62120092199832], [20.581487983567893, 38.62155889597777], [20.581850289563643, 38.6218832105489], [20.58224238496328, 38.622170798401896], [20.582660561397905, 38.622418939581735], [20.599660561397904, 38.631418939581735], [20.6000915588023, 38.63162145563594], [20.60053986741075, 38.631782051110335], [20.601001420678365, 38.63189926926576], [20.601472031919794, 38.63197204683267], [20.601947432286078, 38.63199972365591], [20.602423309486763, 38.631982048682865], [20.60289534690611, 38.63191918224075], [20.603359262758488, 38.63181169458231], [20.603810848927875, 38.631660560713094], [20.604246009139086, 38.63146715154737], [20.604660796114505, 38.63123322147271], [20.605051447379306, 38.63096089243623], [20.605414419390325, 38.630652634696624], [20.643440270803318, 38.595106730114914], [20.644003995206393, 38.60919984019175], [20.644047059734607, 38.609684384926375], [20.644137006448364, 38.61016245159759], [20.64427298395469, 38.61062951505283], [20.644453705154948, 38.61108115429074], [20.644677459427893, 38.611513094308314], [20.6449421288216, 38.61192124656603], [20.645245208101013, 38.612301747688015], [20.645583828461287, 38.612650996030965], [20.64595478468255, 38.61296568577555], [20.646354565469, 38.61324283821777], [20.646779386685147, 38.61347982996395], [20.647225227174665, 38.61367441776251], [20.64768786682275, 38.61382475973756], [20.648162926501723, 38.613929432823205], [20.695324305846476, 38.621937968938354], [20.69028070821817, 38.636348247876356], [20.690139874627384, 38.636825614474525], [20.690047197680094, 38.637314617493715], [20.69000359566757, 38.63781041163834], [20.690009500621176, 38.63830808432281], [20.69006485403157, 38.638802704347974], [20.690169107428435, 38.63928937076204], [20.690321227815044, 38.639763261421706], [20.690519707903682, 38.64021968077247], [20.69076258105067, 38.64065410637463], [20.69104744074287, 38.64106223371395], [20.69137146444267, 38.641440018853025], [20.691731441555163, 38.64178371850072], [20.692123805240367, 38.64208992710261], [20.692544667755346, 38.64235561058502], [20.692989858975963, 38.64257813641818], [20.693454967716654, 38.642755299700696], [20.693935385438735, 38.642885345006846], [20.694426351914178, 38.64296698378028], [20.694923002392454, 38.64299940710169], [20.695420415802964, 38.642982293703966], [20.6959136635156, 38.64291581315555], [20.69639785817614, 38.64280062418018], [20.6968682021327, 38.64263786813001], [20.69732003497335, 38.642429157676396], [20.711673098426836, 38.63491088634362], [20.716217168621913, 38.686843117144484], [20.710231164200447, 38.67733593365157], [20.70995264353455, 38.6769378750697], [20.70963680605655, 38.676568725935304], [20.709286633580447, 38.67623197137645], [20.708905432076122, 38.67593079068478], [20.70849680045777, 38.67566802729994], [20.708064596606626, 38.67544616196468], [20.707612900948806, 38.67526728930429], [20.7071459779321, 38.67513309805121], [20.706668235765424, 38.67504485510184], [20.706184184801035, 38.67500339355571], [20.705698394952393, 38.675009104850304], [20.705215452549716, 38.67506193506541], [20.70473991704056, 38.67516138543224], [20.704276277944174, 38.675306517042294], [20.70382891246607, 38.67549595971155], [20.703402044172915, 38.67572792491633], [20.70299970311795, 38.67600022267875], [20.70262568779335, 38.67631028224222], [20.702283529268765, 38.67665517634189], [20.693283529268765, 38.68665517634189], [20.69296911224186, 38.687041631550784], [20.692694714786906, 38.6874574581156], [20.69246306118434, 38.68789852761547], [20.692276451343904, 38.688360461011904], [20.692136737970603, 38.688838672124916], [20.69204530817064, 38.68932841316564], [20.692003069679895, 38.68982482187345], [20.692010441851725, 38.69032296978961], [20.692067351493534, 38.69081791118813], [20.69217323359343, 38.69130473217803], [20.6923270369298, 38.691778599489645], [20.69252723450809, 38.692234808460334], [20.692771838721132, 38.69266882974351], [20.693058421082572, 38.69307635427701], [20.724, 38.73272025226497], [20.724, 38.781340922475636], [20.713577134056283, 38.820189786447685], [20.685952957665293, 38.84349768527758], [20.607076569145566, 38.77887606576744], [20.566852016138856, 38.689597179825725]], [[20.864965753021615, 39.04258420623784], [20.864999046841348, 39.04209762519139], [20.864984775811543, 39.04161011526236], [20.86497256282759, 39.04151435131016], [20.872544759047532, 39.04132966359748], [20.864239062417646, 39.04876107637159], [20.864965753021615, 39.04258420623784]], [[23.674990286015476, 39.1183115212413], [23.674996368354602, 39.117809465842555], [23.674952067991097, 39.117309331764474], [23.674857831643834, 39.11681616229145], [23.67471460957939, 39.11633493047775], [23.67452384602969, 39.11587048899987], [23.674287464628563, 39.11542752122286], [23.665428823764497, 39.10066311978275], [23.717071815074473, 39.08228171609615], [23.75731215397178, 39.09538322178364], [23.78206107745611, 39.12013214526798], [23.726472654689932, 39.12602788707651], [23.725989698067277, 39.12610313467566], [23.725516396265743, 39.12622517854159], [23.725057272333427, 39.12639285237771], [23.72461671382943, 39.126604553830475], [23.724198930894715, 39.126858259802034], [23.72380791601843, 39.12715154578375], [23.723447405884194, 39.12748160902566], [23.723120845660972, 39.12784529532063], [23.722831356079745, 39.12823912914715], [23.722581703610647, 39.128659346882635], [23.722374274025547, 39.129101932770084], [23.72221104959873, 39.12956265729411], [23.722093590163542, 39.13003711759975], [23.72202301820604, 39.130520779567824], [23.722000008138114, 39.13100902114463], [23.722024779852518, 39.13149717651201], [23.722097096621546, 39.131980580675695], [23.724364665111334, 39.143318423124626], [23.600777856695032, 39.20846495779368], [23.59451577084037, 39.20578120671311], [23.631620980863637, 39.15057589423947], [23.672840953585414, 39.122114484503015], [23.673239278715723, 39.12180881522286], [23.673604939397638, 39.12146473836521], [23.673934248358304, 39.121085723554565], [23.674223884890708, 39.120675592725], [23.674470928339236, 39.12023848158032], [23.674672887551175, 39.119778797890184], [23.674827725997144, 39.119301177042736], [23.6749338823072, 39.118810435302], [23.674990286015476, 39.1183115212413]], [[23.436, 39.151], [23.43652709326098, 39.15097213964951], [23.437048312520762, 39.15088886907769], [23.437557849238846, 39.15075111626347], [23.43805002506661, 39.150560416343524], [23.43851935512762, 39.150318894504494], [23.459391686713996, 39.138143367745776], [23.505280003226055, 39.178836780501754], [23.46978163303804, 39.20773080274781], [23.403461129812108, 39.16102622301124], [23.401233080254055, 39.151], [23.436, 39.151]], [[20.131827341091007, 39.23334577162927], [20.142037955466193, 39.212139111003886], [20.17101278885487, 39.18783763783919], [20.193329688564944, 39.18580882877463], [20.186069091556398, 39.199724973041015], [20.139189855306896, 39.236290777315624], [20.131827341091007, 39.23334577162927]], [[23.947727833127814, 39.27055263063852], [23.84818553512932, 39.154824593128076], [23.89295330318216, 39.166377565528805], [23.93289405605636, 39.22385328307948], [23.93316406302464, 39.224207115139976], [23.93346446609407, 39.22453553390593], [23.962463760833415, 39.25353482864528], [23.965858147319242, 39.26779125188575], [23.949324433976333, 39.27004584915978], [23.948833496520127, 39.27013797679649], [23.94835420109935, 39.27027862880313], [23.947891331218173, 39.27046640143279], [23.947727833127814, 39.27055263063852]], [[24.066269380712495, 39.34267096414382], [24.065967975020722, 39.34304318168186], [24.05909452523509, 39.352416067753175], [24.050660801251595, 39.34036789063389], [24.064682171894137, 39.306093429063225], [24.087785914315898, 39.33068773551219], [24.079153078463406, 39.34529715003179], [24.072394260653404, 39.341610522135426], [24.071963292315854, 39.341401578174796], [24.071514309492287, 39.341234827730126], [24.07105143189261, 39.341111800845376], [24.070578906720343, 39.34103362637237], [24.070101069701778, 39.341001021612826], [24.069622305302858, 39.34101428573665], [24.069147006498838, 39.34107329703686], [24.068679534465886, 39.341177514046336], [24.068224178564453, 39.34132598050613], [24.067785116981575, 39.341517334139745], [24.067366378393313, 39.34174981915293], [24.06697180499901, 39.342021302344236], [24.066605017266603, 39.34232929267852], [24.066269380712495, 39.34267096414382]], [[24.116034479512532, 34.83541382060036], [24.1160013696342, 34.835882976642836], [24.11601248836839, 34.836353168125086], [24.11606773733492, 34.83682023472412], [24.116166627682848, 34.837280043766356], [24.116308284415915, 34.83772852679414], [24.121466382130382, 34.8517290777334], [24.081623085992717, 34.863597293604194], [24.057653653008483, 34.84990047475606], [24.122149732518906, 34.82526152303298], [24.11683974852831, 34.83322649901887], [24.116597554271692, 34.83362966846004], [24.11639431349873, 34.83405381094134], [24.116231824513513, 34.83449517358805], [24.116111525042342, 34.834949851158946], [24.116034479512532, 34.83541382060036]], [[26.261372519885555, 35.261893786627475], [26.261587029341072, 35.26235067861764], [26.26184650954428, 35.26278361582016], [26.262148316240403, 35.26318818635215], [26.262489373842982, 35.263560267403676], [26.262866206775914, 35.26389606725156], [26.285301962075504, 35.2819422182534], [26.26223801526325, 35.27922881274608], [26.182444922930223, 35.20337612003444], [26.18203482246978, 35.20302635525281], [26.18158945521264, 35.2027227670508], [26.181113996643262, 35.20246888333937], [26.180613971928558, 35.20226765442789], [26.180095191711533, 35.20212141873953], [26.131095191711534, 35.19112141873953], [26.13059510685306, 35.191035541536735], [26.130088893351893, 35.19100079026525], [26.129581764392285, 35.19101752280723], [26.12907894258624, 35.19108556684443], [26.128585606189006, 35.19120422163279], [26.128106835771398, 35.191372265218966], [26.1061068357714, 35.20037226521897], [26.105663014296326, 35.20057976269632], [26.105241630941237, 35.200829700234316], [26.10484673153759, 35.20111967810562], [26.104482107636272, 35.201446912143325], [26.10415126010373, 35.20180826047258], [26.10385736550909, 35.202200253676715], [26.10360324562493, 35.20261912810817], [26.103391340334582, 35.203060862024415], [26.10322368420604, 35.203521214202006], [26.103101886957464, 35.20399576465779], [26.10302711800178, 35.20447995708659], [26.103000095218775, 35.20496914260768], [26.10302107806251, 35.2054586244001], [26.103089865070242, 35.205943702798315], [26.103205795796708, 35.20641972041512], [26.103367757155272, 35.20688210685867], [26.10357419410502, 35.207326422614216], [26.10382312458117, 35.20774840166925], [26.1041121585255, 35.20814399247282], [26.10443852083404, 35.2085093968357], [26.104799078001676, 35.20884110639798], [26.109690907900777, 35.21291763131391], [26.061368609974064, 35.22766002729154], [25.981102305063917, 35.19046344696733], [25.98061904631927, 35.19026938809285], [25.98011822429867, 35.1901266464916], [25.979605271876554, 35.190036770612245], [25.89923156442414, 35.18023509897171], [25.83342512726884, 35.11835740433314], [25.833072550338606, 35.118055455106514], [25.832693490012126, 35.1177875053051], [25.832291213544192, 35.11755586448284], [25.831869188297723, 35.117362529233766], [25.83143105185733, 35.117209165982665], [25.83098058067569, 35.11709709662154], [25.795980580675693, 35.110097096621544], [25.795522375201575, 35.11002736245552], [25.79505968116399, 35.11000035619682], [25.794596474309778, 35.11001630989955], [25.79413673479219, 35.11007508647985], [25.79368441297104, 35.110176180893816], [25.727684412971037, 35.12817618089382], [25.72721181558391, 35.128330696358766], [25.726756901432253, 35.128531386253506], [25.72632416913153, 35.12877626596916], [25.725917897942363, 35.12906291390667], [25.725542105453233, 35.12938849542387], [25.725200507850797, 35.12974979086702], [25.724896483170784, 35.13014322740976], [25.72463303789281, 35.13056491438459], [25.72441277720952, 35.13101068175736], [25.724237879264003, 35.131476121364486], [25.708237879264004, 35.18147612136448], [25.708109082790923, 35.181961284998685], [25.708029581340934, 35.182456917728516], [25.70800017620051, 35.18295802412555], [25.708021163740863, 35.183459553592854], [25.70809233243086, 35.18395645126944], [25.708212964969004, 35.184443708977604], [25.727212964969002, 35.247443708977606], [25.727380898499923, 35.24791413200485], [25.727594930570575, 35.248365452033326], [25.727852925145218, 35.24879316489826], [25.728152307443203, 35.249193002033884], [25.728490089635237, 35.24956097307366], [25.728862900661863, 35.249893405674044], [25.729267019876563, 35.25018698216439], [25.729698414177726, 35.25043877265725], [25.752905510027578, 35.26247208161642], [25.74861757501081, 35.275335886666724], [25.732268099351728, 35.26121588496115], [25.73188400908837, 35.26091557940728], [25.73147249665649, 35.260654109954956], [25.731037474860425, 35.26043396274729], [25.730583080039775, 35.26025723102105], [25.73011363273964, 35.26012559520339], [25.72963359662938, 35.26004030693377], [25.729147536060452, 35.26000217716292], [25.728660072666987, 35.26001156844206], [25.72817584142166, 35.26006839147562], [25.727699446564753, 35.26017210597029], [25.72723541782542, 35.26032172577234], [25.726788167351437, 35.26051582824429], [25.726361947756956, 35.26075256779183], [25.725960811687163, 35.26102969341245], [25.725588573284305, 35.261344570098686], [25.725248771921493, 35.2616942038927], [25.72494463854909, 35.26207527035395], [25.72467906497373, 35.26248414616904], [25.724454576361982, 35.26291694360351], [25.724273307230188, 35.26336954746778], [25.724136981148746, 35.26383765424578], [25.724046894353783, 35.26431681301432], [25.720046894353786, 35.293316813014314], [25.72000322325126, 35.293820494782125], [25.72001063969158, 35.29432601182914], [25.720069067848314, 35.29482819569878], [25.72017791034618, 35.295321912013144], [25.72033605436864, 35.295802112967515], [25.720541883035466, 35.29626388893953], [25.720793291933887, 35.296702518685684], [25.721087710634297, 35.2971135176118], [25.721422128970598, 35.297492683623936], [25.75536796494578, 35.33226646681803], [25.660353359389976, 35.34391920146167], [25.455289772763336, 35.28916921474096], [25.454835659887195, 35.28907032733815], [25.454374327002462, 35.2890140317595], [25.453909759974014, 35.28900081439255], [25.453445972609366, 35.28903078943388], [25.452986971979822, 35.28910369790246], [25.423986971979822, 35.29510369790246], [25.423487716682352, 35.295234184312505], [25.42300456917153, 35.29541543286571], [25.422542675597498, 35.295645513028965], [25.422106955728303, 35.295921974148925], [25.421702050547957, 35.29624187155464], [25.374110035426302, 35.338006292987934], [25.0769832776855, 35.33900002796366], [25.07652369784339, 35.33902273807645], [25.0760681518877, 35.339087601492594], [25.075620497916955, 35.33919406887244], [25.075184527191066, 35.3393412385251], [25.074763932022503, 35.339527864045], [25.0527639320225, 35.350527864045], [25.052341574407365, 35.35076528945872], [25.051944180129738, 35.351042479953236], [25.05157548082969, 35.351356832634615], [25.05123893869368, 35.351705395645894], [25.050937713943654, 35.35208489588583], [25.050674635161737, 35.35249176974423], [25.050452172729063, 35.35292219656518], [25.050272415628225, 35.35337213452406], [25.05013705182716, 35.35383735858137], [25.05004735242869, 35.35431350015702], [25.050004159734495, 35.354796088152426], [25.048155869089626, 35.40007920895173], [24.97331791579594, 35.41924502625864], [24.962251325733437, 35.40136822692692], [24.96197968936547, 35.40097310843367], [24.961671454987698, 35.400605825833395], [24.961329457184362, 35.40026975672945], [24.960956841034843, 35.399967991679745], [24.960557033190884, 35.39970330577529], [24.96013371036442, 35.39947813311997], [24.959690765515816, 35.39929454444602], [24.959232272053427, 35.39915422807116], [24.95876244637373, 35.39905847437251], [24.958285609086516, 35.399008163919994], [24.957806145281705, 35.39900375937847], [24.957328464203194, 35.399045301253], [24.956856958700566, 35.39913240751626], [24.956395964831597, 35.399264277121866], [24.896101373643738, 35.41968663865323], [24.842783507828162, 35.39932890806911], [24.842345141548893, 35.39918433865254], [24.841895311149525, 35.39908081125128], [24.841437850360215, 35.39901920818925], [24.840976657941976, 35.39900005448547], [24.840515664459055, 35.399023513379525], [24.840058798780237, 35.39908938494037], [24.721149416758497, 35.421880349827866], [24.465225987448132, 35.35715263424353], [24.46476915828611, 35.357059514646224], [24.464305641626826, 35.357009350423446], [24.463839467546336, 35.357002577731336], [24.463374689225812, 35.35703925545551], [24.462915347710904, 35.357119064699084], [24.428067580235705, 35.364863013026905], [24.34121267812518, 35.34314928749927], [24.340692353375566, 35.343048167328824], [24.34016424759498, 35.34300269845541], [24.339634295913637, 35.34301339188213], [24.33910845420694, 35.343080127430625], [24.338592632160246, 35.343202155091745], [24.263592632160247, 35.365202155091744], [24.26313351891859, 35.365361438976066], [24.262692036929405, 35.36556453988128], [24.262272356543253, 35.365809539264845], [24.26187844216723, 35.36609412280061], [24.261514014816182, 35.366415602240515], [24.26118251696306, 35.36677094080843], [24.260887080020446, 35.367156781886344], [24.260630494760445, 35.36756948072184], [24.260415184952326, 35.368005138857306], [24.260243184467008, 35.368459640955784], [24.26011611806459, 35.36892869367547], [24.26003518604645, 35.36940786622572], [24.24781750172567, 35.47184845014612], [24.188918031641418, 35.44738251641881], [24.188462894530677, 35.447218793082065], [24.18799406735328, 35.44709981325895], [24.187515937489987, 35.447026690387034], [24.187032979377985, 35.44700010876512], [24.186549712638207, 35.44702031714947], [24.186070659779794, 35.4470871264259], [24.18560030387751, 35.44719991137949], [24.18514304661823, 35.447357616545574], [24.070143046618227, 35.49335761654557], [24.06969481006391, 35.49356309799989], [24.069268992739133, 35.493811730746344], [24.06886973594964, 35.49410109669586], [24.068500922685498, 35.49442838160673], [24.06816613985687, 35.494790402454676], [24.067868643409383, 35.495183638389484], [24.06761132665826, 35.49560426497719], [24.067396692149266, 35.496048191394785], [24.067226827320074, 35.49651110021572], [24.06710338419881, 35.4969884893992], [24.067027563337152, 35.49747571607502], [24.067000102134347, 35.49796804169799], [24.06702126766557, 35.49846067813288], [24.067090854084483, 35.49894883422164], [24.0672081846252, 35.49942776238004], [24.067372118184224, 35.4998928047705], [24.067581060418263, 35.50033943860209], [24.076581060418263, 35.51733943860209], [24.076837572696892, 35.517770234456925], [24.077135939616866, 35.518173174649384], [24.077473160995954, 35.51854420747693], [24.077845845956944, 35.51887960207659], [24.078250247024094, 35.51917598594005], [24.07868229780527, 35.5194303788254], [24.079137653880938, 35.51964022272448], [24.079611736488793, 35.51980340758457], [24.080099778564797, 35.519918292525624], [24.080596872677642, 35.51998372233997], [24.08109802037467, 35.519999039108285], [24.18041019591161, 35.51805174154873], [24.197276711383424, 35.54250818898287], [24.179482367614906, 35.58165574527361], [24.115271265335778, 35.59581995901165], [24.088324555320337, 35.58683772233984], [24.098743416490255, 35.555581138830085], [24.09887552258432, 35.55510872879002], [24.09896070211167, 35.55462564731224], [24.098998135225255, 35.55413654402248], [24.09898746163396, 35.55364612650597], [24.09892878407036, 35.5531591149973], [24.098822667301935, 35.55268019694846], [24.098670132695215, 35.552213981912445], [24.09847264838522, 35.55176495717665], [24.09823211514473, 35.551337444573015], [24.0979508480895, 35.550935558880695], [24.097631554395434, 35.5505631682216], [24.09727730724219, 35.55022385683001], [24.09689151623405, 35.54992089055452], [24.0964778945827, 35.54965718542452], [24.09604042336786, 35.549435279583605], [24.09558331321962, 35.54925730886009], [24.09511096379146, 35.54912498620986], [24.09462792141386, 35.54903958522924], [24.094138835336203, 35.54900192789674], [24.060083858023336, 35.54805595630471], [24.028480729180366, 35.517410498032746], [24.028132249191273, 35.51710269131274], [24.02775668360606, 35.5168285859117], [24.02735728006473, 35.5165905521098], [24.026937492341983, 35.51639064826416], [24.026500950481278, 35.516230603009525], [24.026051429404667, 35.516111800310235], [24.025592816269775, 35.516035267492576], [24.025129076856263, 35.516001666361156], [24.024664221272428, 35.516011287476104], [23.81666422127243, 35.5300112874761], [23.816194896006284, 35.53006524493421], [23.815732757987636, 35.53016325546652], [23.815281932770866, 35.53030444412277], [23.814846444919805, 35.53048755049706], [23.814430182080013, 35.530710939979656], [23.81403686027336, 35.530972618349296], [23.813669990724723, 35.53127024957583], [23.8133328485169, 35.531601176674194], [23.7753328485169, 35.5726011766742], [23.775008166588492, 35.57298914198031], [23.774724350724647, 35.5734079306965], [23.774484306466814, 35.573853255507906], [23.774290491248234, 35.5743205574386], [23.774144889236194, 35.57480505252368], [23.77404899101925, 35.57530178078477], [23.76304899101925, 35.65330178078477], [23.76300435138885, 35.653791445561225], [23.763008022536017, 35.6542831271783], [23.763059968958654, 35.65477207079374], [23.763159688305162, 35.655253548043284], [23.76330621623246, 35.655722902766726], [23.76349813573174, 35.65617559603562], [23.76373359083174, 35.65660725004727], [23.77166131119032, 35.66957988336131], [23.743541519934258, 35.680979798735386], [23.716365554514567, 35.647667324995126], [23.734902903378455, 35.554980580675696], [23.73497453411237, 35.55450399440956], [23.73499994835388, 35.55402272572426], [23.73497890998899, 35.55354124590296], [23.734911614477095, 35.55306402819039], [23.734798687035042, 35.55259550623365], [23.72279868703504, 35.51159550623365], [23.72263698257008, 35.5111296009397], [23.722430166556737, 35.51068189209061], [23.722180251034196, 35.51025673528599], [23.721889667341372, 35.50985826672464], [23.721561242463295, 35.50949036296497], [23.721198171528382, 35.509156603211345], [23.72080398672417, 35.50886023449327], [23.720382522933928, 35.50860414007624], [23.71993788042844, 35.508390811411424], [23.719474384975936, 35.50822232389725], [23.718996545758245, 35.508100316688626], [23.659996545758244, 35.496100316688626], [23.65947860422897, 35.49602295891196], [23.658955412456226, 35.49600019880886], [23.658432709804654, 35.49603228605551], [23.657916230273276, 35.49611886865784], [23.65741163959407, 35.49625899681281], [23.656924473079425, 35.49645113332774], [23.656460074900277, 35.49669317048308], [23.61746007490028, 35.51969317048308], [23.617055812906113, 35.519958742478366], [23.61667910335018, 35.52026213357098], [23.616333471574602, 35.5206005045513], [23.616022152087876, 35.520970688859165], [23.615748058295512, 35.521369222217366], [23.615513755235686, 35.52179237505118], [23.61532143557496, 35.522236187390696], [23.615172899088755, 35.52269650592918], [23.615069535818613, 35.52316902289078], [23.602146463242704, 35.599845920174495], [23.584588826385392, 35.57386061762568], [23.571245800795417, 35.527160028060756], [23.582714951667914, 35.49466410058868], [23.58285048052026, 35.494213605670126], [23.582943070252938, 35.49375236724712], [23.582991901210733, 35.49328446845569], [23.582996541115172, 35.49281405139313], [23.58295694889127, 35.49234528044985], [23.58287347503115, 35.491882305443895], [23.582746858491312, 35.491429224884506], [23.582578220150957, 35.49099004968983], [23.565764724461687, 35.45269264284204], [23.576971789164887, 35.43803725053786], [23.577246684225624, 35.437639256161845], [23.577481835958594, 35.437216561851216], [23.577675043655685, 35.43677312346368], [23.577824499149298, 35.43631309099397], [23.577928803734377, 35.435840769735414], [23.57798698125846, 35.43536057998808], [23.577998487257126, 35.434877015690645], [23.57796321404951, 35.43439460236311], [23.577881491746012, 35.43391785475392], [23.577754085158926, 35.43345123458791], [23.5775821866448, 35.432999108810506], [23.57736740494557, 35.43256570871887], [23.54434921917298, 35.3733271989504], [23.557834189110846, 35.322276955614186], [23.55793611673241, 35.32179671299978], [23.557990455803683, 35.32130878936429], [23.557996682447737, 35.320817888725024], [23.557954736634198, 35.32032874380022], [23.55786502275797, 35.319846070381494], [23.557728405740512, 35.319374521869385], [23.557546202691242, 35.318918644410445], [23.55732017020941, 35.31848283306836], [23.557052487448942, 35.31807128945162], [23.55674573510944, 35.317687981206284], [23.556402870555964, 35.317336603764346], [23.55602719930739, 35.3170205447165], [23.55562234316828, 35.31674285115273], [23.555192205311474, 35.31650620028569], [23.55474093264802, 35.31631287363995], [23.523, 35.30452338437069], [23.523, 35.296960538557954], [23.582404163056033, 35.264384062043355], [23.582802685669808, 35.26414064645149], [23.583176760857373, 35.2638611125929], [23.58352312561438, 35.26354789880144], [23.583838758650593, 35.26320373719623], [23.584120906744182, 35.26283162984971], [23.58436710875769, 35.26243482260103], [23.584575217106163, 35.26201677674308], [23.58474341649025, 35.26158113883008], [23.59075822628557, 35.243536709444136], [23.682871497756988, 35.23106303726571], [23.826078557324752, 35.25791436093467], [23.826544569742087, 35.25797921512692], [23.827014614969567, 35.25799997864022], [23.82748453078229, 35.25797646761479], [23.827950156101306, 35.25790889023947], [23.828407367839755, 35.257797844908254], [23.902661175249577, 35.236016728068044], [23.987883752361256, 35.23799864846598], [23.98839886886114, 35.23798406497064], [23.98890974845334, 35.237916539204726], [23.989410964417747, 35.23779678844768], [23.98989719268428, 35.23762608472887], [23.990363268386783, 35.23740624131568], [23.990804240725847, 35.23713959345244], [24.050607076145134, 35.19662799526519], [24.083143046618233, 35.20964238345442], [24.08359239052984, 35.209797774023386], [24.084054462394228, 35.20990978193365], [24.084525084043374, 35.209977394382015], [24.085, 35.21], [24.204, 35.21], [24.20449008570165, 35.20997592363336], [24.204975451610082, 35.20990392640201], [24.205451423386272, 35.20978470167866], [24.205913417161828, 35.20961939766256], [24.20635698368413, 35.20940960632174], [24.2067778511651, 35.20915734806151], [24.20717196642082, 35.20886505226681], [24.207535533905933, 35.20853553390593], [24.22031272328075, 35.195758344531114], [24.293093085685044, 35.1870247010426], [24.4015885561125, 35.19598304263753], [24.402065845713302, 35.19599956641541], [24.402542534594712, 35.19597047846928], [24.40301427385927, 35.195896044172436], [24.403476759765535, 35.19577694259908], [24.403925772991723, 35.195614260329066], [24.404357217129135, 35.195409481534845], [24.404767156054263, 35.1951644744412], [24.40515184983856, 35.194881474281146], [24.405507788868352, 35.19456306290361], [24.40583172586348, 35.19421214521888], [24.406120705502705, 35.19383192269669], [24.4063720913855, 35.19342586415878], [24.406583590084278, 35.192997674132414], [24.40675327206767, 35.19255125905339], [24.406879589303873, 35.19209069162715], [24.406961389383568, 35.191620173672945], [24.40860148862525, 35.17849937973948], [24.46486966087255, 35.15505430796977], [24.500730123709925, 35.156992711366385], [24.501213642314884, 35.15699543361094], [24.501695162956977, 35.15695143902954], [24.50217018250039, 35.15686113905539], [24.502634258606964, 35.156725378165355], [24.503083051280537, 35.15654542598253], [24.50351236345418, 35.156322965402836], [24.503918180240763, 35.15606007685671], [24.56676521747394, 35.11088876884536], [24.70834879853989, 35.10098781912047], [24.708878899699435, 35.10092214742956], [24.70939897015213, 35.10080030025242], [24.70990307443769, 35.10062366820659], [24.71038545931452, 35.10039426715832], [24.74538545931452, 35.08139426715832], [24.745784119285904, 35.081153152995235], [24.7461586057727, 35.08087597853098], [24.746505667246367, 35.08056515036958], [24.74682229029968, 35.08022336731772], [24.74710572581102, 35.07985359695204], [24.747353512814016, 35.07945904985273], [24.74756349986517, 35.079043151727255], [24.747733863724097, 35.078609513666194], [24.7647338637241, 35.0286095136662], [24.76487091877361, 35.028128782663266], [24.764959286772005, 35.027636768963625], [24.764998084440894, 35.02713839046824], [24.764986923979915, 35.02663862869711], [24.759986923979913, 34.957638628697104], [24.759929437770992, 34.95716295563922], [24.759826685615113, 34.956694968976294], [24.759679611062815, 34.95623896612731], [24.759489564667483, 34.95579913446651], [24.75925829158352, 34.95537951287168], [24.74794782212403, 34.937000000000005], [25.018731171525722, 34.937000000000005], [25.221995987118813, 34.9589207154071], [25.346545714875845, 34.996783832645235], [25.347095064519916, 34.99691742735349], [25.347655984038383, 34.996988151262556], [25.348221301905195, 34.99699510014582], [25.50536243645727, 34.990033151146676], [25.599540186261045, 35.0187821484552], [25.600082022592396, 35.01891500940784], [25.600635287325442, 35.0189866807262], [25.6011930925656, 35.01899627013493], [25.80763380838268, 35.01101788498257], [25.984083587856915, 35.04391530149472], [25.98454994160794, 35.04397970354979], [25.985020285278658, 35.04399995885058], [25.985490449113527, 35.04397588782702], [25.985956264951316, 35.043907703876854], [25.98641360317725, 35.043796011473844], [25.98685840933346, 35.04364180080888], [25.9872867400631, 35.04344643901159], [26.021248254733592, 35.025980517181054], [26.08208063467359, 35.024999349762666], [26.082596249633035, 35.02496432134084], [26.08310549460062, 35.02487625693417], [26.083602929092844, 35.02473609737266], [26.0840832388026, 35.024545340041335], [26.0845412923742, 35.024306022882996], [26.084972196223895, 35.024020702626], [26.085371346820107, 35.02369242746964], [26.10678560155476, 35.00414028184235], [26.145947395397087, 35.00693755283109], [26.23172213041566, 35.03812836556511], [26.273592943252677, 35.10239519457077], [26.2883754913846, 35.135655927867596], [26.28071253537144, 35.148427521222864], [26.280478192002512, 35.14886616485317], [26.280288582888964, 35.14932591851876], [26.280145583834123, 35.149802233875725], [26.28005060952792, 35.15029039873531], [26.280004599551347, 35.15078558368159], [26.2800080090812, 35.15128288984893], [26.28006080438699, 35.15177739738644], [26.280162463164658, 35.15226421413008], [26.280311979703708, 35.15273852400086], [26.280507874836733, 35.15319563465029], [26.2807482105728, 35.15363102388183], [26.28103060926999, 35.15404038438895], [26.302689166907168, 35.18231683463748], [26.301394260653403, 35.18161052213543], [26.30095744294082, 35.181399085185156], [26.300502184917942, 35.18123099166783], [26.30003277539392, 35.181107825127235], [26.299553636493712, 35.18103074586755], [26.299069281998953, 35.18100048002258], [26.29858427482537, 35.18101731271509], [26.29810318403732, 35.18108108537083], [26.297630541804416, 35.18119119721234], [26.297170800705715, 35.181346610918716], [26.296728291783687, 35.18154586239773], [26.296307183743153, 35.18178707457853], [26.295911443679547, 35.18206797509477], [26.295544799706423, 35.18238591769168], [26.295210705834368, 35.18273790715548], [26.29491230943209, 35.183120627529995], [26.294652421576295, 35.18353047335513], [26.294433490569617, 35.1839635836324], [26.261433490569615, 35.257963583632396], [26.261251447280287, 35.25843435410513], [26.261117794515794, 35.25892107942368], [26.26103389427584, 35.25941879957288], [26.261000601552862, 35.25992244249378], [26.261018255619145, 35.26042687577096], [26.261086676569445, 35.26092695893478], [26.26120516715433, 35.26141759584582], [26.261372519885555, 35.261893786627475]], [[25.409736556515444, 36.35905454911059], [25.396314385054506, 36.35705550229726], [25.462592938401198, 36.347403285790456], [25.483663756921224, 36.379009513570495], [25.474584093991727, 36.420775963046175], [25.427984122136774, 36.447679039581], [25.441850712500727, 36.39221267812518], [25.44194411262868, 36.39174548662963], [25.441992621899423, 36.39127152636962], [25.441995799865325, 36.390795100742736], [25.441953617671533, 36.39032053553126], [25.44186645831799, 36.389852139625525], [25.44173511318191, 36.38939416590068], [25.441560774832354, 36.38895077260203], [25.441345026202104, 36.38852598558956], [25.44108982621517, 36.38812366178454], [25.44079749200044, 36.38774745414996], [25.44047067785292, 36.387400778522895], [25.41247067785292, 36.360400778522894], [25.41208132088732, 36.36006230250154], [25.411659158347568, 36.359765749548906], [25.411208684827045, 36.35951427694404], [25.41073469633469, 36.359310562013796], [25.410242239233792, 36.359156773628456], [25.409736556515444, 36.35905454911059]], [[25.37844317108322, 36.469372103271354], [25.403523328071085, 36.46180073512407], [25.382822687952725, 36.47375162014086], [25.37844317108322, 36.469372103271354]], [[24.866793367991242, 36.66], [24.85571483833453, 36.66], [24.92501309466614, 36.60675865672083], [24.954564650902643, 36.602434038735], [24.944396425631613, 36.620228432959316], [24.866793367991242, 36.66]], [[25.147146960437336, 36.71496976373313], [25.10851176983351, 36.69518100757019], [25.075797096042162, 36.6426653470104], [25.09138950386115, 36.64206563901736], [25.178532031574843, 36.70887491026453], [25.179750439228417, 36.71415467676335], [25.147146960437336, 36.71496976373313]], [[24.474756613710444, 36.74205757795275], [24.47428426922476, 36.742008087439885], [24.473809359964072, 36.74200363568415], [24.47333617072355, 36.742044262850825], [24.47286897077975, 36.74212960238759], [24.47241197537174, 36.74225888433172], [24.47196930766973, 36.742430942256895], [24.420949894884554, 36.76510623682809], [24.416410247448958, 36.76097928461391], [24.474383996304415, 36.70768083808551], [24.47473239719222, 36.707327042410235], [24.47504398849836, 36.70694043483606], [24.47531569725255, 36.70652482815739], [24.47554484381352, 36.70608432116305], [24.4757291682961, 36.70562325821334], [24.47586685285863, 36.70514618639516], [24.475956539630854, 36.70465781067775], [24.475997344105473, 36.7041629475115], [24.475988863861314, 36.70366647732717], [24.47593118253209, 36.70317329640426], [24.47582486898159, 36.702688268582946], [24.475670971693436, 36.70221617729605], [24.47547100843074, 36.70176167839392], [24.475226951267665, 36.7013292542276], [24.47494120714045, 36.700923169443065], [24.47461659410978, 36.70054742892251], [24.474256313568556, 36.700205738287465], [24.473863918669167, 36.699901467353264], [24.47344327928166, 36.699637616895345], [24.472998543828375, 36.699416789055036], [24.47253409837144, 36.69924116167676], [24.472054523356643, 36.69911246682975], [24.47156454844022, 36.69903197372605], [24.42756454844022, 36.69403197372605], [24.427080308216848, 36.694000644982566], [24.426595311586176, 36.69401640418094], [24.426114126636097, 36.69407910288838], [24.425641285553038, 36.69418815055809], [24.42518124193418, 36.6943425200915], [24.42473832883991, 36.69454075751235], [24.424316717981576, 36.69478099566134], [24.42392038042894, 36.69506097178259], [24.42355304920748, 36.69537804883606], [24.42321818413774, 36.69572924033534], [24.391956540779628, 36.731875515468154], [24.355518869528748, 36.74787254187098], [24.33453752985621, 36.72145159561667], [24.343480694691785, 36.71634121571063], [24.34389613989084, 36.71607582798124], [24.344283431672277, 36.71577081906931], [24.344638805167104, 36.71542915397086], [24.344958805784454, 36.71505415401723], [24.345240322793718, 36.71464946458838], [24.345480619563986, 36.71421901967609], [24.345677360166892, 36.71376700364153], [24.345828632084203, 36.71329781053911], [24.345932964799427, 36.712816001401734], [24.345989344092736, 36.712326259902966], [24.34599722190021, 36.711833346826985], [24.345956521641565, 36.7113420537889], [24.345867638964606, 36.710857156655415], [24.34573143789911, 36.71038336911855], [24.345549242457608, 36.70992529687379], [24.345322823764604, 36.70948739284802], [24.34505438283948, 36.70907391391259], [24.344746529200336, 36.70868887950219], [24.34440225549684, 36.70833603254187], [24.332, 36.69681965243766], [24.332, 36.656462627863014], [24.48384040750013, 36.66991684118581], [24.541, 36.69240586118576], [24.541, 36.75203654877902], [24.53157571853921, 36.76218577496757], [24.475676623327633, 36.742289486841415], [24.47522213176623, 36.74215166070226], [24.474756613710444, 36.74205757795275]], [[25.26731300161379, 36.76478029212703], [25.25804981216129, 36.730253858713176], [25.274581138830083, 36.72474341649025], [25.274988267536376, 36.72458767830212], [25.275380284759887, 36.724397072260246], [25.275754211041654, 36.72417304703281], [25.372121708527153, 36.66057049869238], [25.389611848855196, 36.68044565815607], [25.385097096621546, 36.70301941932431], [25.38502476102974, 36.703503011882646], [25.38500000746925, 36.703991357520046], [25.385023072677395, 36.70447978581211], [25.38509373606387, 36.704963625543975], [25.385211321820435, 36.705438249384684], [25.385374705384198, 36.705899118141936], [25.385582324192658, 36.70634182417385], [25.385832192627696, 36.70676213354264], [25.386121921005564, 36.70715602650701], [25.38644873843127, 36.70751973596602], [25.386809519298772, 36.70784978348678], [25.38720081318355, 36.70814301257138], [25.387618877841664, 36.70839661884487], [25.38805971499971, 36.70860817687569], [25.397752057720183, 36.71268916328432], [25.34551165271315, 36.7426631661572], [25.345033162757332, 36.74297534140882], [25.344593408543624, 36.743340063573044], [25.344198131609033, 36.74375257074938], [25.30597326417504, 36.78850363506235], [25.26731300161379, 36.76478029212703]], [[24.639994005619474, 36.7843816450597], [24.623423780428777, 36.78935271261691], [24.615223611261506, 36.78115254344964], [24.646320217641602, 36.7525772835328], [24.654972752247563, 36.75504943627736], [24.660106125995163, 36.77264957484055], [24.639994005619474, 36.7843816450597]], [[24.570390792106195, 36.78716730813138], [24.59987062099263, 36.83265047269902], [24.5630895844521, 36.84064635020783], [24.527605578600166, 36.81554790704427], [24.542989781649787, 36.78882797543177], [24.570390792106195, 36.78716730813138]], [[24.681840810320782, 36.99874837887594], [24.68169896711744, 36.99829128468457], [24.674487797852432, 36.978460569205794], [24.712422138959905, 36.91162387296882], [24.75919350700225, 36.94989135591255], [24.70105153667241, 37.030539895402335], [24.647, 37.04274508110256], [24.647, 37.03040312423743], [24.68012347523777, 37.003904344047214], [24.68048245911906, 37.003587823641716], [24.680809536069944, 37.003238430936705], [24.681101709351296, 37.00285936713234], [24.681356302017825, 37.00245410528085], [24.68157098144473, 37.002026358465805], [24.68174378069965, 37.00158004578212], [24.681873116564066, 37.00111925642862], [24.681957804039012, 37.00064821224205], [24.681997067202285, 37.00017122901579], [24.681990546317564, 36.99969267695783], [24.681938301130394, 36.99921694065005], [24.681840810320782, 36.99874837887594]], [[25.055202941140674, 36.97441004478658], [25.05536693578291, 36.974880084030126], [25.08057501762576, 37.037], [25.074618914713103, 37.037], [25.032478251025765, 37.00651526456661], [25.05062072522508, 36.972822098196445], [25.055722591168603, 36.97042122010538], [25.05563863302339, 36.97055490734422], [25.055417106189704, 36.97100072905199], [25.055241010706666, 36.97146637002313], [25.055112092252, 36.97194721424447], [25.055031628825965, 36.97243849498929], [25.055000418082255, 36.97293534207103], [25.055018769420624, 36.97343283012268], [25.055086500919753, 36.97392602742315], [25.055202941140674, 36.97441004478658]], [[25.159442116008403, 37.08637345379395], [25.15906558392714, 37.08605003858429], [25.158658840662678, 37.08576555005574], [25.117480952925142, 37.05990966705775], [25.108771629968462, 37.01636305227434], [25.187193667679054, 36.990529910440266], [25.26974343255247, 37.04795583383047], [25.264030403507103, 37.05040427484991], [25.26359209879567, 37.050617989982875], [25.26317669661291, 37.05087338419713], [25.2627881480181, 37.051168028334345], [25.262430148655113, 37.05149911991416], [25.262106103601646, 37.05186350978976], [25.261819094982123, 37.0522577321007], [25.261571852652377, 37.052678037238074], [25.26136672823486, 37.05312042750861], [25.261205672751426, 37.053580695158324], [25.26109021806634, 37.05405446239423], [25.261021462316123, 37.054537223023246], [25.2610000594647, 37.0550243853125], [25.26102621308331, 37.05551131566312], [25.261099674414233, 37.0559933826823], [25.26121974473685, 37.056466001234355], [25.261385282013432, 37.05692467605183], [25.261594711751556, 37.05736504449179], [25.26184604197971, 37.05778291803072], [25.262136882193776, 37.058174322103255], [25.262464466094066, 37.05853553390593], [25.273281560166772, 37.06935262797864], [25.259113775646465, 37.08685400885666], [25.25883491070329, 37.0872337695052], [25.258593029055206, 37.087638092488746], [25.258390278454577, 37.08806338768112], [25.25822845919541, 37.08850587873648], [25.25810900812791, 37.088961636620866], [25.258032985900183, 37.08942661449947], [25.258001067540373, 37.089896683669934], [25.258013536462833, 37.090367670222484], [25.258070281951618, 37.0908353921016], [25.25817080014353, 37.091295696239975], [25.25831419850215, 37.091744495435], [25.258499203742925, 37.09217780464053], [25.28502607246525, 37.147], [25.274090169943747, 37.147], [25.277472135954998, 37.1402360679775], [25.277666021681767, 37.139796730827165], [25.27781686638085, 37.13934081999875], [25.277923278607606, 37.13887254097434], [25.27798427677817, 37.13839621332461], [25.27799929822393, 37.1379162308636], [25.27796820438178, 37.137437021118615], [25.277891282072268, 37.136963004489154], [25.27776924085388, 37.13649855347158], [25.277603206477803, 37.136047952325704], [25.27739471050361, 37.13561535755522], [25.277145676171617, 37.135204759566676], [25.276858400662224, 37.13481994586056], [25.276535533905932, 37.134464466094066], [25.262535533905933, 37.12046446609407], [25.262177663798308, 37.120139630485966], [25.26179010297465, 37.11985086450079], [25.26137647263566, 37.119600866243005], [25.26094063756431, 37.1193919715882], [25.260486670014984, 37.11922613235767], [25.260018811664096, 37.11910489808144], [25.259541433977706, 37.119029401520166], [25.259058997366427, 37.119000348081045], [25.258576009509277, 37.11901800922685], [25.258096983235873, 37.11908221993948], [25.257626394360514, 37.1191923802618], [25.222626394360514, 37.1291923802618], [25.22215626156124, 37.12935235236174], [25.221704316572144, 37.129558171817926], [25.22127501766643, 37.129807808296164], [25.22087259972191, 37.13009879922324], [25.220501032445476, 37.13042827407933], [25.220163981213382, 37.130792982714624], [25.219864770913638, 37.131189327410866], [25.2196063531472, 37.13161339837156], [25.219391277111495, 37.13206101229066], [25.21922166445351, 37.13252775361942], [25.21909918834053, 37.13300901812409], [25.219025056954926, 37.133500058305124], [25.219000001575907, 37.133996030229426], [25.219024269365686, 37.13449204131407], [25.21909762093133, 37.13498319858983], [25.219219332686272, 37.13546465696853], [25.21938820398826, 37.1359316670381], [25.21960256898321, 37.13637962191379], [25.219860313038296, 37.13680410268341], [25.22015889360201, 37.13720092199832], [25.220989951396792, 37.13819819135206], [25.153131866603488, 37.10693772532368], [25.145166659137278, 37.09726568768614], [25.15698058067569, 37.09490290337846], [25.157461870514677, 37.09478152011376], [25.157928753689557, 37.09461301519671], [25.158376629088938, 37.09439904923519], [25.158801082922153, 37.09414173085355], [25.15919793221694, 37.09384359591215], [25.159563266042458, 37.093507582516594], [25.1598934840513, 37.093137002062846], [25.160185331960754, 37.09273550660359], [25.160435933623624, 37.09230705285739], [25.16064281937248, 37.09185586321547], [25.160803950358147, 37.09138638413019], [25.160917738642464, 37.09090324229552], [25.16098306284732, 37.090411199051154], [25.16099927920579, 37.08991510345979], [25.160966227906442, 37.08941984451977], [25.160884234668252, 37.088930302984295], [25.160754107530668, 37.08845130326183], [25.160577128890413, 37.08798756587176], [25.160355042863532, 37.087543660923906], [25.160090038097223, 37.087123963080344], [25.159784726200794, 37.08673260844327], [25.159442116008403, 37.08637345379395]], [[24.448862949210657, 37.17783736292225], [24.448727765628554, 37.177372661018275], [24.44854828809054, 37.17692320548791], [24.44832619810343, 37.17649320723436], [24.44806357640576, 37.17608669486759], [24.447762883473533, 37.17570747696066], [24.427999999999997, 37.15312132441947], [24.427999999999997, 37.1311215720025], [24.457301777681113, 37.14170276949846], [24.457764657564088, 37.141844990099685], [24.458239124192477, 37.14194176770048], [24.458720727363758, 37.14199219458702], [24.459204949939057, 37.141995797786386], [24.459687250211115, 37.14195254350282], [24.460163104502687, 37.14186283743465], [24.460628049595822, 37.14172752096913], [24.461077724594087, 37.141547863290725], [24.46150791182506, 37.141325549476974], [24.461914576399472, 37.14106266469348], [24.462293904055986, 37.14076167463637], [24.462642336936593, 37.140425402405604], [24.4629566069571, 37.14005700202601], [24.46323376645974, 37.13965992886453], [24.463471215860388, 37.139237907221], [24.463666728031015, 37.13879489539654], [24.467433995491223, 37.129000000000005], [24.498, 37.129000000000005], [24.49849008570165, 37.12897592363336], [24.498975451610082, 37.12890392640202], [24.499451423386272, 37.12878470167866], [24.499913417161828, 37.12861939766256], [24.50035698368413, 37.128409606321746], [24.5007778511651, 37.128157348061514], [24.50117196642082, 37.12786505226681], [24.501535533905933, 37.127535533905935], [24.501865052266815, 37.12717196642082], [24.502157348061512, 37.1267778511651], [24.50231918487584, 37.12650784275264], [24.5147460100132, 37.14662746440361], [24.515019981175676, 37.14702645835227], [24.515331246128472, 37.14739709361516], [24.51567688823969, 37.14773589724544], [24.516053668754687, 37.14803969456678], [24.516458057144053, 37.14830563892089], [24.51688626418556, 37.14853123834142], [24.517334277470134, 37.148714378904316], [24.51779789899917, 37.148853344535866], [24.51827278452083, 37.14894683309268], [24.51875448423679, 37.148993968563175], [24.519238484498, 37.148994309275984], [24.519720250098707, 37.14894785203854], [24.5201952667725, 37.14885503216699], [24.520659083492134, 37.14871671940718], [24.52110735417678, 37.14853420978491], [24.52153587841593, 37.14830921346183], [24.521940640828284, 37.148043838710805], [24.522317848686928, 37.14774057216086], [24.52266396745813, 37.147402255496836], [24.524681157111004, 37.14522989740912], [24.51671288111365, 37.1988346632095], [24.46933372760574, 37.1970467706243], [24.44529699291024, 37.18427725531732], [24.447, 37.183], [24.44737266524469, 37.18269122325893], [24.44771373233131, 37.18234786382211], [24.448020005836966, 37.18197313858923], [24.4482886163163, 37.181570558322925], [24.448517047185018, 37.181143894756815], [24.448703158297516, 37.18069714525852], [24.448845205997685, 37.18023449537869], [24.44894185945505, 37.179760279637065], [24.448992213133188, 37.17927894091275], [24.448995795273607, 37.17879498881936], [24.448952572315594, 37.1783129574549], [24.448862949210657, 37.17783736292225]], [[24.42601640369021, 37.44559531762944], [24.426001016377338, 37.446100810417896], [24.42603677061225, 37.44660527187655], [24.429548880813247, 37.475404575524735], [24.37940375218101, 37.43512406236113], [24.374524196929936, 37.417], [24.395, 37.417], [24.395479386285015, 37.41697696582163], [24.39595435566235, 37.4169080755159], [24.396420531920267, 37.416793963815415], [24.396873619863936, 37.416635682107895], [24.397309444889952, 37.41643468874897], [24.397723991449762, 37.4161928356254], [24.398113440047606, 37.415912351092366], [24.398474202432098, 37.41559581944218], [24.398802954657196, 37.41524615709344], [24.399096667707937, 37.414866585720105], [24.39935263540881, 37.41446060256806], [24.39956849935754, 37.41403194823265], [24.399742270654645, 37.413584572194026], [24.39987234822851, 37.41312259642798], [24.39995753358712, 37.4126502774274], [24.399997041860573, 37.41217196698432], [24.399990509032623, 37.41169207209396], [24.3999379952946, 37.41121501435013], [24.39983998449083, 37.41074518920608], [24.393557668573322, 37.386513399238545], [24.405535533905933, 37.374535533905934], [24.4058693468468, 37.374166726224225], [24.40616486096385, 37.37376657426284], [24.40641915125617, 37.37333903872886], [24.40662970075655, 37.37288835137218], [24.406794425444474, 37.372418973099606], [24.40691169487376, 37.371935549820755], [24.40698034831072, 37.371442866462836], [24.406999706223136, 37.37094579960938], [24.40696957700624, 37.37044926923179], [24.406890258879248, 37.36995818999143], [24.406762536933567, 37.36947742259427], [24.406587675361962, 37.36901172567958], [24.40636740494557, 37.36856570871887], [24.38055730072483, 37.322259345264015], [24.439748027957872, 37.3534123595972], [24.44817618089381, 37.384315587028965], [24.448330696358763, 37.38478818441609], [24.448531386253503, 37.38524309856775], [24.44877626596915, 37.38567583086847], [24.449062913906666, 37.386082102057635], [24.449388495423864, 37.386457894546766], [24.44974979086701, 37.3867994921492], [24.45014322740976, 37.38710351682922], [24.45056491438459, 37.387366962107194], [24.451010681757356, 37.38758722279048], [24.451476121364482, 37.387762120736], [24.473789363081043, 37.3949023580853], [24.47732182957656, 37.40973871736647], [24.42826375318509, 37.44181515193013], [24.427855013179826, 37.44211296283772], [24.427478447613588, 37.44245053964809], [24.427137908898647, 37.442824428819115], [24.426836880878582, 37.443230805319075], [24.426578443187175, 37.443665511758226], [24.426365239742587, 37.44412410092055], [24.426199451699016, 37.44460188126044], [24.426082775132663, 37.44509396489911], [24.42601640369021, 37.44559531762944]], [[24.938003453640032, 37.435185807622794], [24.93804741074195, 37.435686920403725], [24.938141497208665, 37.43618108027948], [24.938284760711085, 37.436663285437994], [24.938475751157547, 37.437128655071064], [24.93871253537144, 37.43757247877714], [24.95245781841361, 37.46048128384743], [24.943621601413152, 37.483455448048616], [24.927521395128732, 37.5031334779518], [24.900267148183897, 37.504690863491504], [24.902993964185313, 37.449245604796], [24.902993432935617, 37.44874382131727], [24.902942610437616, 37.44824461793643], [24.902842008548962, 37.44775302236918], [24.90269264047933, 37.44727398570929], [24.9024960105859, 37.44681233256378], [24.902254099222247, 37.44637271246201], [24.901969342793272, 37.44595955302801], [24.901644609216994, 37.44557701538779], [24.90128316904037, 37.44522895226066], [24.90088866250007, 37.44491886915663], [24.900465062859904, 37.44464988907075], [24.879240343260047, 37.43262254796417], [24.883969596492896, 37.43059572515009], [24.884420850015697, 37.43037486973538], [24.884847661972838, 37.43010984443604], [24.885245723153755, 37.42980332502019], [24.8856110146236, 37.4294584061919], [24.88593984829951, 37.429078570346256], [24.88622890418652, 37.42866765241013], [24.88647526389712, 37.428229801123685], [24.886676440116105, 37.427769437153586], [24.886830401713205, 37.42729120846074], [24.88693559424991, 37.42679994337316], [24.88699095567352, 37.426300601837916], [24.886995927039923, 37.425798225344074], [24.88695045815684, 37.42529788602249], [24.886855008090578, 37.42480463543618], [24.886710540531187, 37.424323453578324], [24.886518514062768, 37.423859198592915], [24.886280867437204, 37.423416557725616], [24.886000000000003, 37.423], [24.871000000000006, 37.403000000000006], [24.889, 37.403000000000006], [24.889491936621834, 37.40297574098604], [24.889979099684716, 37.402903199344046], [24.89045676195043, 37.4027830789895], [24.890920288372744, 37.40261654552296], [24.891365181074075, 37.40240521491949], [24.891787122991122, 37.402151137847916], [24.892182019765944, 37.40185677977193], [24.892546039475988, 37.40152499702621], [24.89287564981756, 37.40115900909964], [24.893167652381916, 37.40076236739474], [24.893419213691335, 37.400338920766146], [24.89362789269409, 37.39989277817295], [24.89379166445145, 37.39942826880689], [24.893908939786865, 37.398949900083664], [24.89397858070674, 37.39846231390467], [24.89399991144306, 37.3979702416139], [24.89397272501077, 37.397478458086766], [24.893897285216283, 37.396991735396654], [24.888897529600747, 37.37270720812117], [24.956714948150665, 37.40413479232724], [24.938781692561342, 37.432315622539036], [24.938533314764744, 37.432753063639275], [24.938330148085388, 37.43321324789197], [24.938174248945888, 37.4336915173812], [24.93806719533393, 37.434183031135014], [24.938010070830092, 37.434682814125004], [24.938003453640032, 37.435185807622794]], [[25.330998017178032, 37.46314079875031], [25.33098843343371, 37.46266010019496], [25.33093272404999, 37.46218254452926], [25.330831404144703, 37.46171254748027], [25.330685410574162, 37.461254454884134], [25.314390508316784, 37.417515506719596], [25.39224198201837, 37.42282356174471], [25.403873463693753, 37.439823419577955], [25.404171564274336, 37.44021606590331], [25.40450688262422, 37.44057744755363], [25.404876158978343, 37.440904051392], [25.405275803452195, 37.44119270237066], [25.405701930940495, 37.441440594396894], [25.406150398885895, 37.44164531761225], [25.406616847550445, 37.4418048818197], [25.40709674239836, 37.441917735831154], [25.452930147036714, 37.45033611627493], [25.457045908647782, 37.46679916271922], [25.397003084041923, 37.48799074787423], [25.381160251471687, 37.46422649901887], [25.3808724080367, 37.46383701786327], [25.380548233760344, 37.463477211731885], [25.38019077003807, 37.46315045631741], [25.379803370586135, 37.462859817231475], [25.37938966997711, 37.46260802124316], [25.378953549540416, 37.46239743069654], [25.37849910094775, 37.46223002134717], [25.37803058782515, 37.46210736382564], [25.37755240575175, 37.46203060890194], [25.377069041020544, 37.46200047668897], [25.376585028548103, 37.46201724988644], [25.376104909328088, 37.46208077112861], [25.375633187827766, 37.462190444460674], [25.375174289727184, 37.46234524093], [25.37473252039756, 37.46254370823974], [25.374312024508384, 37.46278398437426], [25.37391674714222, 37.463063815068494], [25.373550396782058, 37.463380574957434], [25.373216410518374, 37.46373129220723], [25.372917921802465, 37.464112676396866], [25.34653931573046, 37.50140656774005], [25.316994747806174, 37.4845239574976], [25.313315650106205, 37.475326213247676], [25.328328732164163, 37.467424591111914], [25.32874293723518, 37.467180465921864], [25.32913177968776, 37.466897685978545], [25.329491664083175, 37.46657886601178], [25.3298192627439, 37.46622695399612], [25.330111546523025, 37.46584520389234], [25.330365812813337, 37.46543714555965], [25.330579710537013, 37.46500655211674], [25.330751261884906, 37.46455740505362], [25.3308788806044, 37.464093857416685], [25.330961386666704, 37.463620195407486], [25.330998017178032, 37.46314079875031]], [[25.084879120733255, 37.64109358059057], [25.084516071578683, 37.64141360309571], [25.050971251236028, 37.674], [24.99183068613844, 37.674], [25.002188959855175, 37.64133159827799], [25.093545205478318, 37.58730371108151], [25.09410941071801, 37.58691555423749], [25.127267507405254, 37.560584124515266], [25.214007305149174, 37.538660878931644], [25.25334083688687, 37.5908006768165], [25.242237244676588, 37.61984084105877], [25.166383269673965, 37.64044315525701], [25.15241970564441, 37.6273523139793], [25.152056281293348, 37.627042836286435], [25.15166500154209, 37.62676942476953], [25.151249432572214, 37.62653457134162], [25.15081336194084, 37.62634041649163], [25.150360764060267, 37.62618872977559], [25.14989576397458, 37.6260808936887], [25.14942259976341, 37.626017891065025], [25.148945583915427, 37.6260002961198], [25.1484690640237, 37.62602826921595], [25.147997383161062, 37.62610155540255], [25.14753484029674, 37.62621948673844], [25.14708565111487, 37.62638098837997], [25.146653909592164, 37.626584588377256], [25.146243550684783, 37.62682843108979], [25.14585831446456, 37.62711029409898], [25.12168193731614, 37.64663736794963], [25.088980580675692, 37.640097096621545], [25.088501979688207, 37.640025262178504], [25.088018675771643, 37.64000003487857], [25.087535196886186, 37.64002165107035], [25.08705607263127, 37.64008990823685], [25.08658579180882, 37.640204166892815], [25.086128760368727, 37.64036335657589], [25.085689260130565, 37.640565985875554], [25.085271408668202, 37.640810156405784], [25.084879120733255, 37.64109358059057]], [[24.293636643089975, 37.64175863568696], [24.280778409741455, 37.53797432365961], [24.310549678862948, 37.54267505036301], [24.391427466145753, 37.62745056233414], [24.39754030656773, 37.65452171277433], [24.37291820136177, 37.68090253978072], [24.334521944464264, 37.679196039474164], [24.332972527264605, 37.66447657607741], [24.332896235465874, 37.66398664998016], [24.332771794475484, 37.66350668908672], [24.33260042803628, 37.663041413294486], [24.33238382135224, 37.66259539808874], [24.332124104516343, 37.66217302954768], [24.331823831563373, 37.66177846121008], [24.33148595535376, 37.661415573229704], [24.33111379853538, 37.66108793421821], [24.3307110208689, 37.660798766151665], [24.33028158323798, 37.660550912685935], [24.293636643089975, 37.64175863568696]], [[24.729468333282988, 37.62678361185019], [24.717166186163425, 37.62605995613728], [24.676184682094117, 37.60849645439329], [24.71833812097841, 37.59904826981578], [24.735465056197647, 37.60053756853049], [24.734089077101693, 37.61292138039408], [24.729468333282988, 37.62678361185019]], [[24.895946624820514, 37.77106987825917], [24.896229975549016, 37.770665953273166], [24.896472135954998, 37.7702360679775], [24.919987783071054, 37.72320477374539], [24.95594450601756, 37.69409695040774], [24.984994618347276, 37.76415898602647], [24.95713107333045, 37.76907608220591], [24.956651674264982, 37.76918522921498], [24.956185312783084, 37.769340932464026], [24.95573649834908, 37.7695416863865], [24.955309570756786, 37.76978554980012], [24.954908658166055, 37.77007016467702], [24.954537637185684, 37.77039277894467], [24.9542000953887, 37.77075027309686], [24.95389929662246, 37.77113919035771], [24.953638149449006, 37.77155577010681], [24.953419179020834, 37.771995984242366], [24.953244502664038, 37.772455576130824], [24.953115809404895, 37.772930101766185], [24.953034343637903, 37.77341497274116], [24.953000893093144, 37.77390550061459], [24.953015781219367, 37.774396942246184], [24.953078864056412, 37.774884545660065], [24.953189531627224, 37.77536359599389], [24.953346713836005, 37.775829461088954], [24.953548890815465, 37.776277636280746], [24.953794107623114, 37.77670378795657], [24.97809031966655, 37.81449789557969], [24.940296212043435, 37.83879410762312], [24.93989812935512, 37.83907846987741], [24.93952974170808, 37.83940037399341], [24.939194575776245, 37.83975673829652], [24.93889584019316, 37.840144151215505], [24.93863639483484, 37.84055890394237], [24.938418723441426, 37.8409970259378], [24.938244909839657, 37.841454322942205], [24.938116617993856, 37.84192641712846], [24.938035076076343, 37.842408789012055], [24.9380010647098, 37.84289682071732], [24.938014909494182, 37.84338584018558], [24.938076477889652, 37.84387116590206], [24.93818518048541, 37.84434815171324], [24.938339976642293, 37.84481223130578], [24.95808832412576, 37.895593696263276], [24.95190352861405, 37.90116001222382], [24.84757699368024, 37.91001792556725], [24.84706952391704, 37.910087341426575], [24.846571818351084, 37.910208309569924], [24.846089099787562, 37.91037956058604], [24.845626433761584, 37.91059929740702], [24.84518867538165, 37.910865214166336], [24.844780418381273, 37.91117452039603], [24.844405946913422, 37.91152397030926], [24.844069190593643, 37.91190989686079], [24.843773683263578, 37.912328250228136], [24.843522525907666, 37.91277464030941], [24.843318354112153, 37.91324438279206], [24.82584645819887, 37.959836105227474], [24.778296232145006, 37.99433332805087], [24.699230626409026, 37.96270708575648], [24.700988925789286, 37.93633259505262], [24.70099729619783, 37.93583558980814], [24.700956276473697, 37.9353402094906], [24.700866272030044, 37.93485135012749], [24.700728172414188, 37.9343738432973], [24.70054334251587, 37.933912408377225], [24.70031360907757, 37.9334716058998], [24.700041242640097, 37.93305579247948], [24.699728935102023, 37.932669077754596], [24.69937977311464, 37.93231528377028], [24.698997207575424, 37.931997907203744], [24.698585019521566, 37.93172008480538], [24.698147282760548, 37.93148456239704], [24.697688323607213, 37.93129366773407], [24.697212678125183, 37.931149287499274], [24.69377995987511, 37.93029110793675], [24.721535533905932, 37.90253553390593], [24.72186557871843, 37.9021713248291], [24.722158270006197, 37.90177647088145], [24.722410779460198, 37.9013547875814], [24.72262066705299, 37.900910349702386], [24.72278590461701, 37.90044745189796], [24.722904895442966, 37.899970567202], [24.72297648970904, 37.899484303805295], [24.722999995591735, 37.8989933605261], [24.72297518595105, 37.8985024814049], [24.72193471956021, 37.88809781749648], [24.73653971371666, 37.896352814193605], [24.736984940253553, 37.89657597358146], [24.737450158341783, 37.89675373440934], [24.737930752519553, 37.896884333099365], [24.73842195477777, 37.89696647397266], [24.738918891863833, 37.89699934210375], [24.73941663362949, 37.89698261140556], [24.73991024194322, 37.89691644786455], [24.740394819681768, 37.89680150789392], [24.740865559314855, 37.896638931821315], [24.741317790601034, 37.89643033257553], [24.741747026921495, 37.89617777968455], [24.742149009792108, 37.8958837787436], [24.779149009792107, 37.8658837787436], [24.779528642699894, 37.86554241170624], [24.779871485612073, 37.86516411111618], [24.7801739640128, 37.8647528211747], [24.780432924230826, 37.86431283003348], [24.802213127407388, 37.822567440611735], [24.81487101481835, 37.82852409351101], [24.815313611496098, 37.828707026005226], [24.81577167951458, 37.82884677509124], [24.81624101644572, 37.82894205867674], [24.81671731647768, 37.82899200260679], [24.817196209917437, 37.828996148683565], [24.817673303279406, 37.82895445886994], [24.81814421959236, 37.82886731563846], [24.81860463855482, 37.828735518462466], [24.819050336170584, 37.82856027648148], [24.819477223500677, 37.82834319740832], [24.819881384176284, 37.82808627277952], [24.82025911032849, 37.827791859684474], [24.820606936605156, 37.82746265914095], [24.867560168224465, 37.77855304287083], [24.893084652289094, 37.77288093530092], [24.893560434810034, 37.7727502676981], [24.894021022251863, 37.772573343312885], [24.89446192954249, 37.77235188498559], [24.894878863249655, 37.772088049215675], [24.895267763389164, 37.7717844051623], [24.895624842959883, 37.7714439096266], [24.895946624820514, 37.77106987825917]], [[24.14077186286529, 38.21950603147122], [24.13840427484991, 38.2250304035071], [24.138268410063084, 38.225395925220994], [24.134754565576838, 38.220552517956165], [24.14077186286529, 38.21950603147122]], [[24.60456011096599, 38.7965107847997], [24.604896028585454, 38.79613384129485], [24.605192218081502, 38.79572494175298], [24.6168731225438, 38.777754319503295], [24.65587924113581, 38.7741258433552], [24.677295910551095, 38.786481614171706], [24.672571441698054, 38.806954312534884], [24.576206998102606, 38.87185281536447], [24.575796312176653, 38.872161200144504], [24.575419426964416, 38.872510086428456], [24.57508031881748, 38.87289579326922], [24.574782565518085, 38.873314251242064], [24.574529308531503, 38.87376104537931], [24.5743232198618, 38.87423146175079], [24.574166473860693, 38.874720537198414], [24.556726972145814, 38.94060309923241], [24.490785591770738, 38.975457828859234], [24.466057918465168, 38.96474250376016], [24.46699923071005, 38.91108770580193], [24.46698389108359, 38.91059896425733], [24.466920884804818, 38.91011405827635], [24.466810814474858, 38.909637625569644], [24.466654732822203, 38.909174222808254], [24.466454132634265, 38.90872828204295], [24.46621093248014, 38.90830406831546], [24.465927458361136, 38.907905638866985], [24.44630483379927, 38.883], [24.478, 38.883], [24.478498974987005, 38.882975040096554], [24.478992968227008, 38.88290040958494], [24.479477047710585, 38.88277685357329], [24.47994638040687, 38.88260560564006], [24.480396280516345, 38.882388375518005], [24.480822256253692, 38.88212733202426], [24.48122005469361, 38.881825081407], [24.48158570423183, 38.881484641324704], [24.481915554237492, 38.88110941071801], [24.50733980359555, 38.84909368930416], [24.55680783438949, 38.85099630587315], [24.557294308268183, 38.850991330748734], [24.55777799585296, 38.850939101381094], [24.558254317946023, 38.850840112239425], [24.55871876508063, 38.850695300480005], [24.55916694021339, 38.85050603707392], [24.559594600352252, 38.850274113827695], [24.559997696726, 38.8500017264198], [24.560372413115072, 38.84969145361359], [24.560715201980685, 38.849346232843466], [24.561022818050336, 38.84896933240542], [24.561292349041654, 38.84856432051519], [24.561521243233727, 38.848135031527036], [24.57852124323373, 38.81213503152704], [24.578710840616235, 38.81167570304304], [24.57885390811703, 38.81119982331676], [24.57894903263081, 38.81071209270408], [24.578995274594394, 38.81021732861437], [24.578992177266986, 38.809720417928], [24.57893977124149, 38.8092262687277], [24.57883857414233, 38.80873976182046], [24.57868958551278, 38.80826570252888], [24.57849427694228, 38.807808773228054], [24.578254577531265, 38.80737348709684], [24.577972854837064, 38.80696414354035], [24.577651891489094, 38.80658478572387], [24.57729485770426, 38.806239160637745], [24.576905279974152, 38.80593068208765], [24.576487006233176, 38.805662396975734], [24.576044167851776, 38.80543695520581], [24.575581138830085, 38.80525658350975], [24.541514622378934, 38.79390107802603], [24.567111712857283, 38.76976667843216], [24.597691891814566, 38.796749189276824], [24.598086870853706, 38.79706370256995], [24.59851155530997, 38.79733677795427], [24.598961614641077, 38.79756563085767], [24.59943245955508, 38.7977479276483], [24.599919288807715, 38.79788180943082], [24.600417138161124, 38.7979659110017], [24.600920931004566, 38.797999374770306], [24.60142553012105, 38.79798185950385], [24.60192579007194, 38.797913543806935], [24.60241660966545, 38.79779512430034], [24.602892983973874, 38.797627808517504], [24.60335005536927, 38.79741330259119], [24.603783163057084, 38.79715379385594], [24.604187890602667, 38.79685192854365], [24.60456011096599, 38.7965107847997]], [[25.03937908981679, 39.54344783474182], [25.012419538134417, 39.558083019940824], [24.98229062117455, 39.53570153877063], [24.988613948200225, 39.479582011417754], [25.03937908981679, 39.54344783474182]], [[25.432404593382998, 40.02497033957084], [25.43261242199575, 40.025397740448135], [25.432859890487737, 40.025803478772254], [25.43314476308763, 40.02618388887204], [25.43346446609407, 40.026535533905935], [25.434963816548727, 40.02803488436059], [25.384702572185656, 40.01842611705589], [25.351848789801966, 39.97880832065203], [25.351548420293437, 39.97847739962228], [25.351219701664657, 39.97817462143173], [25.350865260121978, 39.977902405042784], [25.350487927377856, 39.97766292525283], [25.35009071802764, 39.977458095319264], [25.287090718027642, 39.94845809531927], [25.28664609024564, 39.94827873037169], [25.286186327279534, 39.94814277573239], [25.28571565647783, 39.94805148145343], [25.2852384054825, 39.948005686951554], [25.28475896243793, 39.94800581329007], [25.284281735643585, 39.94805185930735], [25.283811113021336, 39.94814340162748], [25.283351421770163, 39.94827959855308], [25.282906888579177, 39.948459197804354], [25.282481600764793, 39.948680548033366], [25.282079468689385, 39.94894161400755], [25.281704189806984, 39.949239995322934], [25.28135921466653, 39.949572948474916], [25.281047715185412, 39.94993741208381], [25.280772555484845, 39.950330035043066], [25.25751700108106, 39.98715132951572], [25.223993055189705, 40.0039133024614], [25.040638757315747, 39.990543718241426], [25.0725199321454, 39.923137805744446], [25.072711788026, 39.922673037237494], [25.07285599482992, 39.922191349743706], [25.072951094231563, 39.92169761444237], [25.072996124515623, 39.92119682434913], [25.072990630302645, 39.920694043822856], [25.072934667154165, 39.92019435735117], [25.07282880101083, 39.91970281813232], [25.07267410246918, 39.919224396973526], [25.072472135955, 39.9187639320225], [25.053042734389344, 39.87990512889119], [25.070620689655172, 39.86144827586207], [25.070936551321797, 39.86108278505427], [25.07121566888409, 39.86068851926898], [25.071455437035016, 39.86026915861653], [25.0716536177583, 39.859828617444855], [25.07180836121824, 39.85937100780266], [25.071918223026234, 39.8589006010572], [25.07198217772284, 39.858421788025], [25.07199962834949, 39.85793903798755], [25.071970412020555, 39.8574568569747], [25.071894801443726, 39.856979745704976], [25.071773502374548, 39.85651215757549], [25.071607647028838, 39.85605845709353], [25.07139878351447, 39.85562287913795], [25.071148861381236, 39.85520948943035], [25.070860213423536, 39.85482214658539], [25.070535533905932, 39.854464466094065], [25.063698808241753, 39.847627740429886], [25.1207116867472, 39.862831174698], [25.12120893960574, 39.862937025769895], [25.121714370916674, 39.86299183493585], [25.12222275523079, 39.862995035546135], [25.122728836568974, 39.862946594510944], [25.12322738276164, 39.86284701264248], [25.123713239542017, 39.86269731947728], [25.124181383834017, 39.862499062632224], [25.12462697568379, 39.862254291804376], [25.125045408298018, 39.86196553758], [25.12543235567171, 39.86163578527183], [25.125783817312996, 39.86126844405518], [25.126096159602596, 39.86086731172181], [25.137182550569754, 39.84502961034016], [25.16206745093924, 39.86304971060772], [25.162483205347193, 39.86332038709789], [25.162923736842465, 39.86354853067492], [25.163384708524816, 39.86373189533382], [25.163861582266513, 39.863868675904605], [25.16434966338882, 39.86395752582365], [25.1648441468797, 39.86399757039019], [25.165340164697735, 39.8639884153775], [25.165832833696506, 39.863930150913916], [25.166317303697713, 39.863823350595595], [25.166788805239733, 39.86366906583958], [25.16724269653152, 39.86346881553295], [25.167674509149652, 39.86322457107982], [25.168079992028623, 39.862938736993456], [25.168455153311296, 39.86261412722458], [25.168796299647536, 39.86225393745885], [25.169100072554144, 39.86186171365632], [25.169363481478108, 39.861441317142486], [25.1695839332377, 39.860996886594755], [25.16975925755157, 39.860532797298355], [25.169887728404507, 39.860053618073], [25.169968081039567, 39.859564066294226], [25.169999524409192, 39.85906896145223], [25.16998174896285, 39.858573177705445], [25.169914929694475, 39.85808159589594], [25.16979972441969, 39.85759905549895], [25.169637267299816, 39.857130306979734], [25.1694291576764, 39.85667996502665], [25.15054413006375, 39.8206267304934], [25.20747218752326, 39.80955738598739], [25.19824209036765, 39.83653766998071], [25.176210047494468, 39.840062796840414], [25.17573503281202, 39.840162660027104], [25.17527193976753, 39.84030811255112], [25.17482513276481, 39.84049778360035], [25.174398822720452, 39.84072988562678], [25.1739970273782, 39.84100223119319], [25.173623533443866, 39.84131225358853], [25.17328186089766, 39.841657031017846], [25.172975229820256, 39.8420333141386], [25.172706530045257, 39.842437556684], [25.17247829392407, 39.84286594888465], [25.172292672459847, 39.843314453373615], [25.17215141503543, 39.84377884323638], [25.17205585292635, 39.84425474184733], [25.172006886754286, 39.84473766411705], [25.172004977999173, 39.8452230587619], [25.172050144650004, 39.84570635119744], [25.172141961035297, 39.846182986651414], [25.172279561834817, 39.84664847309007], [25.172461650234755, 39.84709842355312], [25.17268651014951, 39.84752859749856], [25.18968651014951, 39.87652859749856], [25.18996033046287, 39.87694636556299], [25.190274467925605, 39.87733472798931], [25.19062578734884, 39.87768980880057], [25.191010782456246, 39.87800806418064], [25.191425610877765, 39.87828631784255], [25.191866132497665, 39.87852179272883], [25.192327950774146, 39.87871213872741], [25.20859928829442, 39.884485839137824], [25.195626394360513, 39.8881923802618], [25.19516918429621, 39.888347246636805], [25.194729039238496, 39.88854548125835], [25.19431006177307, 39.88878523638441], [25.193916157182798, 39.889064277260935], [25.19355099704665, 39.88938000295197], [25.19321798501695, 39.88972947058292], [25.192920225093996, 39.89010942277108], [25.192660492693705, 39.890516317987625], [25.192441208778003, 39.89094636356814], [25.192264417289092, 39.89139555106402], [25.19213176609787, 39.89185969360514], [25.192044491644165, 39.89233446492561], [25.19200340741189, 39.89281543968884], [25.192008896346582, 39.89329813473606], [25.192060907285956, 39.89377805087372], [25.192158955436806, 39.89425071481049], [25.19230212689374, 39.894711720852676], [25.192489087157682, 39.89515677196964], [25.192718093574733, 39.8955817198464], [25.1929870115794, 39.895982603549946], [25.193293334590873, 39.89635568644912], [25.1936342073768, 39.89669749104362], [25.194006452666898, 39.897004831377785], [25.194406600768225, 39.897274842736834], [25.194830921906135, 39.897505008348794], [25.248830921906137, 39.92350500834879], [25.249273833937384, 39.923692584652855], [25.24973272031932, 39.9238367346641], [25.25020333440839, 39.92393612438408], [25.250681321030047, 39.923989834036725], [25.25116225678257, 39.92399736658016], [25.2516416909723, 39.923958652306425], [25.252115186801372, 39.92387404948662], [25.252578362426938, 39.92374434105532], [25.25302693151176, 39.92357072736516], [25.253456742890993, 39.923354815078454], [25.253863818988062, 39.923098602298786], [25.25424439262408, 39.922804460080066], [25.254594941880246, 39.922475110484235], [25.283594941880246, 39.89247511048424], [25.28392242909894, 39.89210073377829], [25.284211099049834, 39.891695671491945], [25.28445809498817, 39.891263932215516], [25.284660972584874, 39.89080978854098], [25.28481772411621, 39.890337734779436], [25.28492679833268, 39.88985244248435], [25.284987115810548, 39.8893587142208], [25.284998079634068, 39.88886143603814], [25.2849595813027, 39.888365529116584], [25.28487200180486, 39.887875901065996], [25.284736207847565, 39.88739739735909], [25.284553543279294, 39.88693475337948], [25.284325815790975, 39.886492547559264], [25.284055279026624, 39.88607515606977], [25.283744610280795, 39.88568670951395], [25.28339688400342, 39.885331052048976], [25.28301554137436, 39.885011703343594], [25.248277105810768, 39.85874605694185], [25.292339438602095, 39.835418939581736], [25.292754940093424, 39.83517256576721], [25.293144727905553, 39.834887246634835], [25.29350516389086, 39.83456564525692], [25.293832883861747, 39.834210763351976], [25.29412482899083, 39.833825913267674], [25.294378274361, 39.83341468706457], [25.294590854398884, 39.83298092298898], [25.29476058495429, 39.83252866964809], [25.294885881819614, 39.83206214822166], [25.299304227000807, 39.81173776038818], [25.347176756381646, 39.794007193950826], [25.364129612500548, 39.81741828097217], [25.33557540888809, 39.871671267835836], [25.33537259169929, 39.87210603790468], [25.335212376249846, 39.87255824453288], [25.33509623754615, 39.87302372452852], [25.33502524480675, 39.87349819249982], [25.335000051618707, 39.87397728030817], [25.335020889920404, 39.87445657728293], [25.335087567866253, 39.87493167082779], [25.33519947159288, 39.87539818704487], [25.335355570870597, 39.87585183100254], [25.33555442858811, 39.87628842627625], [25.33579421398312, 39.87670395339831], [25.336072719497047, 39.87709458686275], [25.33638738109868, 39.87745673034439], [25.336735301889654, 39.877787049808006], [25.359068692766378, 39.897039972977595], [25.346418861169916, 39.90125658350975], [25.34595488909585, 39.901437377794544], [25.345511200976464, 39.901663425381656], [25.345092197428702, 39.901932484270915], [25.344702034241354, 39.90224188586458], [25.34434458115684, 39.90258856143525], [25.344023383490054, 39.90296907256226], [25.343741626965016, 39.90337964523491], [25.343502106117988, 39.903816207284066], [25.343307196580525, 39.904274428771046], [25.34315883151734, 39.904749764933094], [25.343058482452644, 39.90523750125955], [25.34300714467519, 39.905732800251606], [25.343005327366733, 39.906230749401935], [25.343053048551816, 39.906726409918235], [25.343149834919018, 39.90721486570749], [25.343294726515367, 39.90769127213506], [25.34348628626742, 39.908150904075114], [25.343722614234537, 39.908589202775644], [25.344001366452982, 39.90900182107339], [25.344319778184012, 39.90938466651018], [25.344674691335268, 39.90973394192299], [25.345062585783577, 39.910046183105244], [25.345479614288486, 39.91031829316573], [25.345921640650204, 39.91054757324439], [25.34638428073354, 39.91073174928034], [25.383533963074196, 39.923417006664955], [25.381038610616432, 39.94337982632705], [25.38100149663319, 39.94387767219453], [25.381014213320938, 39.944376737562365], [25.381076633905515, 39.9448720471889], [25.38118813610873, 39.94535866327392], [25.381347608351938, 39.945831734684134], [25.381553460837495, 39.946286545314734], [25.38180364139764, 39.946718561104774], [25.382095655952785, 39.947123475237774], [25.398095655952787, 39.96712347523777], [25.398455443376957, 39.96752648810377], [25.398856612274813, 39.967888330439806], [25.3992944791381, 39.96820477786165], [25.399763932022502, 39.968472135955], [25.443750511896514, 39.990465425892005], [25.43231287363995, 40.021259067351984], [25.43216875744282, 40.02171194124603], [25.432068289443247, 40.02217645219666], [25.432012377326377, 40.02264840354731], [25.432001526234128, 40.0231235314206], [25.432035834201447, 40.023597543240676], [25.432114991270616, 40.02406615651469], [25.43223828229157, 40.02452513752339], [25.432404593382998, 40.02497033957084]], [[24.75540048498373, 40.72647037341617], [24.7557510694892, 40.72680058555172], [24.756131797513458, 40.72709553592295], [24.756539136668753, 40.72735248798561], [24.756969307669735, 40.7275690577431], [24.774945130910368, 40.735558312516716], [24.741519305308216, 40.754658784289376], [24.741095497773838, 40.754930126928485], [24.740701111645013, 40.75524269569753], [24.74034014189001, 40.755593324404245], [24.740016244983064, 40.755978461324915], [24.7397327018658, 40.756394205181934], [24.73949238471266, 40.75683634466208], [24.72854370373776, 40.779646096693114], [24.64323308660188, 40.7986040116122], [24.537124896734763, 40.71488562327668], [24.5171783693719, 40.66644405682401], [24.52134888320586, 40.64308917935385], [24.588179986640505, 40.62685876851972], [24.58866805695123, 40.626713553437426], [24.589138826172036, 40.62651944936976], [24.58958741148365, 40.62627846956449], [24.59000916015835, 40.62599311346463], [24.590399697818068, 40.62566634078419], [24.643014281523833, 40.57687827225703], [24.754025541411377, 40.62459363834904], [24.754512883092875, 40.62477372844897], [24.755016281732313, 40.62490227481582], [24.75553030194614, 40.62497788948634], [24.756049393665684, 40.62499975602062], [24.756567952063328, 40.62496763831752], [24.757080378069933, 40.6248818831639], [24.757581138830083, 40.62474341649025], [24.773022840814864, 40.61959618249532], [24.761139588957132, 40.66882679733448], [24.761044690764233, 40.66933298397475], [24.7610023645534, 40.66984624713695], [24.76101305937285, 40.670361141497615], [24.761076661758857, 40.67087220442749], [24.76119249693951, 40.67137401394586], [24.76135933599351, 40.671861246243495], [24.76157540888809, 40.67232873216417], [24.77929876704995, 40.7060031126717], [24.756571785344107, 40.718629213619394], [24.75616253423403, 40.71888310942252], [24.75577960908025, 40.71917520166231], [24.75542656265545, 40.71950278031222], [24.755106670518003, 40.71986280610344], [24.7548229006214, 40.72025193872315], [24.754577885777636, 40.72066656780592], [24.754373899230018, 40.72110284643058], [24.75421283356206, 40.721556726811905], [24.754096183138138, 40.722023997855885], [24.75402503023878, 40.72250032423019], [24.754000035019306, 40.722981286587284], [24.75402142938491, 40.72346242256709], [24.754089014839057, 40.72393926819864], [24.754202164325118, 40.72440739931676], [24.754359828044198, 40.72486247260935], [24.75456054319515, 40.7253002659146], [24.754802447546417, 40.7257167173941], [24.755083296713785, 40.72610796321853], [24.75540048498373, 40.72647037341617]], [[26.299, 35.309999999999995], [26.299, 35.29296020527963], [26.308015887418875, 35.30021211472524], [26.312909830056253, 35.309999999999995], [26.299, 35.309999999999995]], [[26.9954884358543, 35.42715540923242], [26.995725921546477, 35.42759465862362], [26.996006035098905, 35.42800802998137], [26.996325982776863, 35.42839140051366], [26.997976615674908, 35.43017958615321], [26.97695434829551, 35.42609192305166], [26.976393512427098, 35.42601550925673], [26.90225870741987, 35.420162761493], [26.855460556840473, 35.372464646479386], [26.877887376226692, 35.354677858690316], [27.00103251888199, 35.401094104768084], [26.99516001550917, 35.42374518920608], [26.995058992616656, 35.42423420235197], [26.995007249252932, 35.42473085324139], [26.995005301484547, 35.425230188487355], [26.995053168737712, 35.425727227930196], [26.99515037360459, 35.426217014307625], [26.995295946604738, 35.426694662696384], [26.9954884358543, 35.42715540923242]], [[27.22714515493724, 35.476723063927466], [27.227924916131332, 35.50167542213839], [27.208854008856658, 35.517113775646465], [27.20848500844877, 35.51744404240819], [27.20815048834135, 35.517809191326656], [27.207853730008523, 35.5182056404745], [27.20759764450039, 35.51862950088483], [27.200597644500387, 35.531629500884826], [27.20039054059385, 35.53206276382878], [27.200225955964644, 35.53251389652161], [27.200105408799363, 35.53297873755643], [27.200030011067525, 35.53345299907578], [27.20000045826437, 35.53393230632435], [27.200017022995368, 35.534412238003235], [27.2000795524616, 35.534888367053554], [27.20018746986924, 35.53535630149323], [27.20033977975011, 35.53581172493015], [27.200535077144213, 35.536250436378104], [27.200771560559588, 35.53666838900814], [27.20104704858991, 35.53706172747799], [27.201359000036533, 35.537426823495025], [27.214007298746274, 35.55086564087413], [27.155493326162702, 35.60843583970635], [27.15515371330944, 35.60880530460074], [27.154852846594142, 35.60920695173184], [27.15459375684217, 35.60963673504784], [27.154379054032475, 35.61009032506294], [27.15421090100557, 35.61056315247102], [27.15409099167584, 35.611050454175235], [27.15402053396766, 35.61154732126979], [27.15202053396766, 35.63354732126979], [27.152000122715787, 35.63403503059818], [27.15202736569594, 35.634522406047125], [27.152102003253084, 35.63500480240207], [27.152223324010674, 35.63547762190461], [27.15239017165082, 35.63593635807408], [27.152600955935256, 35.63637663865921], [27.152853667862043, 35.636794267310364], [27.213786868988947, 35.72721127543415], [27.207046442101976, 35.77632009989635], [27.20700483147685, 35.77678024689915], [27.207005872939007, 35.777242270300796], [27.207049557595745, 35.77770222503669], [27.207135512438274, 35.77815618370591], [27.2072630035267, 35.778600270105926], [27.2074309422569, 35.77903069233027], [27.22568145452514, 35.820094344933814], [27.221288344766684, 35.822889960234654], [27.188069703067573, 35.79705323891312], [27.187683867924346, 35.796781368354], [27.18727411604406, 35.796547091263214], [27.186844098846322, 35.796352495352885], [27.18639764834096, 35.79619931472444], [27.18593874297984, 35.79608891441555], [27.185471472203712, 35.79602227823587], [27.185, 35.796], [27.16182254211876, 35.796], [27.158996737120344, 35.71781939504385], [27.158959027054973, 35.71736121156237], [27.158879392551338, 35.716908428504425], [27.158758506852756, 35.716464873773184], [27.158597391947, 35.716034297254], [27.158397409926238, 35.71562033911227], [27.15816025147169, 35.715226499018875], [27.07466324368675, 35.589980987341455], [27.117184407234983, 35.55485480875814], [27.117556392918065, 35.554514551096844], [27.11789222450642, 35.55413856470248], [27.11818848795459, 35.553730671832035], [27.11844217146467, 35.55329501910198], [27.11865069610405, 35.55283603533402], [27.118811942022724, 35.552358386531864], [27.118924270003546, 35.55186692844697], [27.118986538126453, 35.55136665721518], [27.123986538126452, 35.48336665721518], [27.123998104183364, 35.48286232439498], [27.123958792465142, 35.48235939303186], [27.12386900314207, 35.481862982672716], [27.12372965021689, 35.48137814648446], [27.123542152220825, 35.48090981981569], [27.12330841777373, 35.4804627699578], [27.123030826155464, 35.480041547616665], [27.122712203086227, 35.479650440589175], [27.12235579196237, 35.47929343011595], [27.12196522084052, 35.47897415035465], [27.121544465506094, 35.478695851386355], [27.12109780900212, 35.47846136613168], [27.12062979803038, 35.478273081513265], [27.120145196668627, 35.47813291415833], [27.10949501478715, 35.47562698900975], [27.113402355499613, 35.468370499115174], [27.113609567535445, 35.46793697886829], [27.113774209914126, 35.467485570495086], [27.113894762152544, 35.46702044278137], [27.1139701109429, 35.46654589121194], [27.113999560434202, 35.466066298301534], [27.11398283865847, 35.46558609312198], [27.113920100042396, 35.46510971039947], [27.1138119239812, 35.464641549559545], [27.11365930948786, 35.46418593409813], [27.1134636659672, 35.46374707165376], [27.113226800199897, 35.46332901514977], [27.112950899656777, 35.462935625365255], [27.112638512297373, 35.46257053528056], [27.112292523039343, 35.46223711652647], [27.101303742551035, 35.4526219335992], [27.145695268482118, 35.42421135700331], [27.14610612742846, 35.42391815931251], [27.146485332456415, 35.423585032450106], [27.14682901916399, 35.42321537124479], [27.147133685109246, 35.42281294283938], [27.14739622550296, 35.42238184830062], [27.147613964848905, 35.42192648082604], [27.14778468420931, 35.42145148097376], [27.147906643817592, 35.42096168937152], [27.14797860080797, 35.420462097386775], [27.147999821881267, 35.41995779626073], [27.147970090777797, 35.41945392522449], [27.147889710481248, 35.41895561912619], [27.14775950013101, 35.41846795610281], [27.14758078667451, 35.417995905829905], [27.147131144215578, 35.41696815163806], [27.160577410321253, 35.42548412017165], [27.15705398268823, 35.449267256694554], [27.157004723326516, 35.44978271917858], [27.15700903891798, 35.45030051202598], [27.15706688317737, 35.45081508184516], [27.157177635717936, 35.45132090981187], [27.157340108705135, 35.451812570859325], [27.157552559596315, 35.45228479186266], [27.15781270982968, 35.45273250819387], [27.15811776926217, 35.45315091804055], [27.158464466094067, 35.453535533905935], [27.17746446609407, 35.47253553390593], [27.17784984894234, 35.47288285311516], [27.17826914638908, 35.47318836943878], [27.17871784426837, 35.47344879368105], [27.179191111888557, 35.47366132210862], [27.1796838540396, 35.47382366663555], [27.180190765848213, 35.47393407945696], [27.180706389890243, 35.47399137186588], [27.22714515493724, 35.476723063927466]], [[27.56621952665601, 36.23998722053248], [27.530705708340758, 36.23543416690232], [27.52588663853079, 36.22157934119866], [27.582150795353396, 36.21806283139725], [27.613293212756684, 36.23103883864862], [27.611868730006716, 36.238161252398456], [27.56621952665601, 36.23998722053248]], [[25.81917199002519, 36.36886070358907], [25.819682414186214, 36.36870844799334], [25.820173745329157, 36.36850275818182], [25.844973059127497, 36.35653067565848], [25.847896427670893, 36.36164657060943], [25.768348166420996, 36.396391788166866], [25.742231223487174, 36.380884853299904], [25.749269257139357, 36.36328976916944], [25.817584772600732, 36.368982728791224], [25.818117183955003, 36.36899862660344], [25.81864826543736, 36.36895779708365], [25.81917199002519, 36.36886070358907]], [[27.382032488453877, 36.421569059785206], [27.382112275617807, 36.42205363673232], [27.3822392157946, 36.42252804900105], [27.38241208436288, 36.42298771982599], [27.382629213619392, 36.42342821465589], [27.39079760787398, 36.438131324314156], [27.35496590965197, 36.47396302253616], [27.31215727748652, 36.45348932889182], [27.311724352685918, 36.453306748694715], [27.311276201201963, 36.45316561167343], [27.31081678038096, 36.45306716412099], [27.310350147081717, 36.45301227536634], [27.309880421851926, 36.45300143009786], [27.309411752542196, 36.45303472408336], [27.30894827767897, 36.45311186332439], [27.308494089919762, 36.45323216665243], [27.30805319991347, 36.453394571743786], [27.307629500884822, 36.45359764450039], [27.302, 36.456628914207606], [27.302, 36.43015523244619], [27.31573799000457, 36.41718046410854], [27.347519305308218, 36.43534121571062], [27.34795676408071, 36.435563462170116], [27.348413900332055, 36.43574175999427], [27.34888631159025, 36.43587439207758], [27.349369448276633, 36.43596008110056], [27.34985865752081, 36.43599800183109], [27.350349227970323, 36.435987789071795], [27.350836435163576, 36.43592954117714], [27.351315587028964, 36.43582381910618], [27.351782069072087, 36.43567164102027], [27.35223138881587, 36.43547447247755], [27.352659219065554, 36.43523421231888], [27.35306143958196, 36.43495317438092], [27.35343417676164, 36.434634065212656], [27.35377384094179, 36.4342799580098], [27.354077160970682, 36.43389426301831], [27.354341215710622, 36.43348069469178], [27.38080045871316, 36.38717701943734], [27.424728272744556, 36.38981268827922], [27.433669750346557, 36.40897299742636], [27.400591064448925, 36.405035058629025], [27.400079479641583, 36.40500063174125], [27.399567059012895, 36.40501877905512], [27.399059191264808, 36.405089309730414], [27.3985612172204, 36.405211482054625], [27.3980783736589, 36.40538401124295], [27.397615738244813, 36.40560508294927], [27.39717817613035, 36.40587237234617], [27.396770288792666, 36.40618306857315], [27.383770288792668, 36.41718306857315], [27.38341141979889, 36.41751832050008], [27.38308717067218, 36.41788716099816], [27.382800669519213, 36.41828603177743], [27.38255468028318, 36.418711084838776], [27.38235157607941, 36.419158219596554], [27.38219331630135, 36.419623122437855], [27.38208142771785, 36.42010130833694], [27.382016989744073, 36.42058816412333], [27.382000624028127, 36.42107899298612], [27.382032488453877, 36.421569059785206]], [[26.37144475301609, 36.57675196873086], [26.37192342302243, 36.57688272280714], [26.372412696089157, 36.57696538760988], [26.455355506437826, 36.58677582754359], [26.428362357143428, 36.61454020967497], [26.37673099172388, 36.6287575421818], [26.407762883473534, 36.593292523039345], [26.40807147996878, 36.592902249276655], [26.40833976141743, 36.59248323797486], [26.408565071345876, 36.59203963810689], [26.4087451787766, 36.59157584211713], [26.408878300318914, 36.59109644242826], [26.408963117827767, 36.59060618596791], [26.408998791455772, 36.590109927165486], [26.40898496796921, 36.58961257988446], [26.408921784245717, 36.589119068766244], [26.408809865918904, 36.58863428046725], [26.408650321183487, 36.58816301527214], [26.40844472982212, 36.587709939562295], [26.40819512756269, 36.587279539610144], [26.407903985920907, 36.58687607715695], [26.40757418772782, 36.58650354721378], [26.407208998584544, 36.586165638503694], [26.406812034526876, 36.58586569693665], [26.40638722621998, 36.58560669247894], [26.405938780037662, 36.58539118974512], [26.405471136411627, 36.58522132260365], [26.404988925863137, 36.585098773047775], [26.404496923152447, 36.585024754540676], [26.404, 36.585], [26.36787867558052, 36.585], [26.34529252303934, 36.56523711652647], [26.34491414495612, 36.56493702582156], [26.344508580883957, 36.564674838506065], [26.344079614320428, 36.564453000519215], [26.343631247084396, 36.56427358138231], [26.343167661983134, 36.564138254892214], [26.34269318379102, 36.564048283506516], [26.34221223890382, 36.56400450656614], [26.341729314044933, 36.56400733246513], [26.34124891440888, 36.56405673484074], [26.34077552163243, 36.56415225281937], [26.340313551985535, 36.56429299531607], [26.33986731517203, 36.56447764934746], [26.339440974124525, 36.564704492280455], [26.29424710804829, 36.59162849760247], [26.26650334117851, 36.58428455931341], [26.270748602989944, 36.55032246482192], [26.30294005807532, 36.51813100973654], [26.344, 36.520697256106835], [26.344, 36.541], [26.344022127812092, 36.541469881347616], [26.344088315392337, 36.54193560371677], [26.3441979769062, 36.54239304494063], [26.344350141725936, 36.54283815614981], [26.344543463021726, 36.54326699760945], [26.344776229682648, 36.543675773590245], [26.34504638146193, 36.54406086596495], [26.36904638146193, 36.57506086596496], [26.369369241347314, 36.57543767241109], [26.369727860081383, 36.57578062168869], [26.37011870567695, 36.57608633613693], [26.37053792874885, 36.57635180481574], [26.370981400425993, 36.57657441316016], [26.37144475301609, 36.57675196873086]], [[27.20032897710929, 36.58641602571463], [27.184003326398724, 36.61008821924494], [27.141229247663276, 36.59612117312725], [27.136258527757423, 36.57481808781645], [27.194721633526544, 36.5730985847056], [27.20032897710929, 36.58641602571463]], [[27.211, 36.827999999999996], [27.21138811759341, 36.82826357482568], [27.211799230926157, 36.828489611952456], [27.212229720442092, 36.828676121286584], [27.212675795991746, 36.828821460748], [27.343405100228615, 36.86472598796799], [27.27995552280981, 36.90279573441927], [27.16552567044288, 36.88616917467365], [27.063906260982495, 36.83486617183927], [26.989437380139567, 36.76436896464131], [26.989055489356772, 36.76404222476754], [26.988642725968777, 36.76375547417796], [26.988203260528856, 36.76351161019496], [26.987741533387286, 36.76331309681549], [26.98726220982615, 36.763161939814886], [26.98677013292141, 36.76305966648056], [26.98627027460857, 36.76300731018028], [26.985767685446334, 36.7630053999211], [26.985267443585837, 36.763053955004246], [26.98477460346114, 36.76315248483009], [26.984294144719303, 36.763299993855185], [26.983830921906137, 36.76349499165121], [26.958939012803672, 36.77547998492276], [26.93051305043003, 36.76255909293474], [26.923442015081537, 36.71836512200667], [26.964851115005526, 36.69050809114871], [26.961160015509172, 36.704745189206086], [26.961058049854316, 36.705240310091185], [26.961006599170283, 36.70574319627388], [26.96100618936885, 36.70624870741886], [26.961056824638874, 36.70675167635931], [26.961157987403464, 36.70724696191401], [26.961308643610487, 36.70772950143873], [26.961507253302294, 36.70819436257493], [26.961751786356672, 36.708636793666685], [26.962039743238066, 36.7090522723305], [26.962368180546996, 36.70943655168167], [26.962733741106526, 36.70978570374446], [26.963132688278186, 36.7100961596026], [26.97966679244376, 36.721670032518496], [26.97148569740588, 36.73885033209804], [26.9713017871159, 36.73928921196646], [26.97116043108338, 36.739743587368224], [26.971062909646417, 36.740209342779345], [26.971010106109464, 36.74068225960094], [26.971002498742738, 36.741158054369336], [26.97104015645028, 36.741632417553745], [26.97112273814584, 36.742101052590016], [26.971249495842308, 36.742559714796926], [26.971419281426595, 36.74300424982257], [26.97163055705876, 36.74343063127258], [26.971881409101027, 36.74383499717935], [26.97216956545065, 36.744213684981936], [26.972492416119575, 36.744563264699934], [26.972847036874526, 36.74488057000058], [26.988847036874528, 36.75788057000058], [26.98928305899058, 36.75819740771802], [26.98975065211601, 36.75846547131855], [26.99024438279206, 36.75868164588784], [27.046244382792057, 36.77968164588784], [27.04674750191861, 36.77984058349335], [27.047264568363698, 36.77994561829384], [27.047789824281843, 36.779995580663694], [27.048317420632863, 36.77998991424193], [27.048841482314458, 36.77992868212755], [27.128720962739887, 36.76629072205492], [27.211, 36.827999999999996]], [[25.43024343284129, 36.83317236502943], [25.435332428652437, 36.82854600520111], [25.473000000000003, 36.838818979204994], [25.473000000000003, 36.86325569311236], [25.449889975802993, 36.85281890799113], [25.43024343284129, 36.83317236502943]], [[26.004376826910615, 36.89572919751352], [26.004859742084644, 36.895868245257425], [26.005354175749165, 36.89595811567403], [26.005855133306564, 36.8959979009235], [26.059171181379448, 36.89754329362126], [26.005373205555028, 36.933408610837546], [25.96018665680234, 36.91615556495015], [25.97544827586207, 36.901620689655175], [25.97577995332979, 36.90127291197936], [25.976076710189403, 36.90089489793113], [25.976335804891185, 36.90049013974419], [25.976554843822377, 36.900062376724506], [25.976731803420243, 36.8996155607052], [25.976865048866518, 36.89915381953806], [25.976953349190442, 36.89868141895891], [25.976995888640936, 36.89820272317917], [25.97699227422281, 36.89772215456766], [25.976942539327396, 36.8972441527951], [25.97684714342407, 36.896773133818826], [25.976706967815495, 36.896313449086485], [25.97652330749584, 36.895869345335804], [25.97629785918712, 36.89544492536162], [25.976032705664267, 36.89504411011278], [25.975730296513678, 36.89467060246891], [25.975393425503032, 36.894327853031896], [25.975025204771427, 36.89401902824791], [25.974629036078287, 36.893746981154635], [25.97420857937665, 36.89351422502381], [25.97376771900117, 36.89332291014274], [25.851405840848265, 36.847075901077076], [25.854830977504697, 36.83777910158104], [25.860930985278497, 36.84055183238731], [25.861393092529198, 36.84073474903033], [25.86187107612916, 36.84087088604812], [25.86236021356964, 36.840958898398185], [25.86285567214124, 36.840997916512826], [25.86335255668138, 36.84098755489057], [25.863845957938807, 36.8409279159049], [25.864331001077343, 36.84081958879284], [25.864802893839542, 36.84066364383324], [25.865256973894546, 36.84046162177233], [25.86568875490217, 36.84021551860108], [25.866093970838264, 36.839927765834666], [25.866468618143294, 36.83960120648894], [25.866808995277765, 36.839239066991276], [25.867111739293676, 36.838844925303206], [25.867373859060663, 36.838422675569994], [25.867592764818554, 36.83797648964618], [25.86776629376436, 36.83751077587742], [25.867892731420934, 36.83703013554574], [25.867970828576087, 36.83653931740854], [25.867999813624895, 36.83604317078063], [25.867979400193214, 36.83554659762262], [25.86790978996706, 36.835054504109294], [25.86779167069995, 36.834571752156236], [25.86762620941785, 36.83410311138382], [25.867415040888876, 36.83365321199305], [25.867160251471688, 36.83322649901887], [25.849160251471687, 36.80622649901887], [25.848879640505846, 36.805845893225424], [25.848564329525665, 36.80549349817731], [25.848217138713974, 36.805172465742146], [25.847841173391004, 36.80488566727618], [25.84743979623999, 36.80463566794259], [25.847016597230898, 36.80442470376824], [25.846575361511263, 36.80425466164443], [25.84612003555132, 36.80412706245025], [25.84565469184627, 36.804043047449646], [25.747695095083255, 36.791104987499814], [25.75826724209259, 36.77555771248609], [25.87737704849047, 36.79957178635663], [25.91726743364162, 36.84432685262377], [25.917631839803292, 36.84469533447597], [25.918032429534144, 36.845024117981644], [25.918464899367184, 36.84530967107579], [26.003464899367184, 36.895309671075786], [26.003910308468893, 36.895542377054454], [26.004376826910615, 36.89572919751352]], [[25.650136779584262, 36.906038682844226], [25.6235680069107, 36.88789415516472], [25.67181076977502, 36.88418317340592], [25.676469888333212, 36.889774115675756], [25.650136779584262, 36.906038682844226]], [[26.958998847181512, 37.02810736319623], [26.958984995072328, 37.027612928780606], [26.958922358351273, 37.02712228235653], [26.95881154999952, 37.02664022553263], [26.958653654419837, 37.02617147585722], [26.958450216824293, 37.02572062065097], [26.918572164321642, 36.94786347052675], [26.94615134055762, 36.93114881826252], [26.979577124172586, 36.93466732180094], [26.98841464971873, 36.95499363055708], [26.988624308842176, 36.95541936497688], [26.988873385372003, 36.95582330510431], [26.98915963555963, 36.95620181213771], [26.989480480786156, 36.95655147638362], [26.98983303079122, 36.956869147972185], [26.99021410970927, 36.957151965232036], [26.99062028467861, 36.957397380469004], [26.99104789676554, 36.95760318291642], [26.991493093925026, 36.95776751865033], [26.991951865700955, 36.9578889072901], [26.9924200793534, 36.95796625533412], [26.99289351708748, 36.95799886601034], [26.99336791404836, 36.957986445553004], [26.99383899674024, 36.957929105848926], [27.03544327442017, 36.950847526669364], [27.038867755421624, 36.99450965943784], [27.030462961314086, 37.00571605158122], [27.009163655337925, 36.99549238471266], [27.008723706534497, 36.99530651134198], [27.008268030366533, 36.99516346208642], [27.007800784493746, 36.99506454214945], [27.007326232139608, 36.99501065409186], [27.006848703193064, 36.995002289596606], [27.006372554701944, 36.99503952498263], [27.005902131118592, 36.995122020508525], [27.005441724660404, 36.995249023472375], [27.00499553614699, 36.995419375079535], [27.00456763667122, 36.99563152101564], [27.00416193045398, 36.995883525628415], [27.003782119221423, 36.996173089588865], [27.003431668429876, 36.996497570870716], [27.003113775646465, 36.99685400885666], [26.969113775646463, 37.03885400885666], [26.968825620989048, 37.03924780816931], [26.968577224954934, 37.039667820568496], [26.968370953377296, 37.040110045671234], [26.968208770877443, 37.040570271530974], [26.968092222152894, 37.04104411475403], [26.96802241726501, 37.04152706224896], [26.968000021066278, 37.042014514211225], [26.968025246867942, 37.042501827933755], [26.96809785440837, 37.042984362026125], [26.968217152141385, 37.043457520621246], [26.968382003822857, 37.04391679714835], [26.968590839332805, 37.044357817255616], [26.968841669629903, 37.044776380473415], [26.96913210569598, 37.045168500221386], [26.96945938129009, 37.04553044177845], [26.96982037929541, 37.04585875785389], [26.970211661408015, 37.04615032142086], [26.970629500884826, 37.046402355499616], [26.974487651157833, 37.048479821031236], [26.893250087241107, 37.08317503062067], [26.891573774440882, 37.07730793581989], [26.91988858992007, 37.04625297690723], [26.95576946048708, 37.03267643128728], [26.956222855159552, 37.0324787180018], [26.956654496324823, 37.03223717467913], [26.957060159816894, 37.0319541651325], [26.957435875694816, 37.03163245897564], [26.957777967093726, 37.03127520451861], [26.95808308620768, 37.03088589795742], [26.95834824705227, 37.03046834915934], [26.95857085468634, 37.03002664437837], [26.95874873060683, 37.02956510626597], [26.95888013406823, 37.02908825156838], [26.958963779118058, 37.02860074692438], [26.958998847181512, 37.02810736319623]], [[25.42737919128309, 36.96941302376823], [25.452069770291246, 36.92460419519788], [25.549415149984025, 36.97280433465741], [25.576115278592013, 37.01952955972139], [25.586900545864346, 37.142089415088805], [25.571375992214808, 37.1749649404643], [25.52570932674446, 37.19080847746421], [25.497244660337465, 37.1843809721465], [25.375154150422723, 37.085120394980045], [25.37476340235259, 37.08483303378491], [25.374346649504492, 37.084584885493776], [25.373907813697958, 37.0843782852864], [25.373451024562417, 37.08421517735759], [25.37298058067569, 37.08409709662154], [25.351220906563928, 37.07974516179919], [25.385841106397987, 37.03820092199832], [25.38611795173398, 37.037835925513235], [25.386360228384824, 37.03744712248001], [25.386565902527444, 37.037037776756634], [25.38673324760331, 37.03661132464939], [25.386860858812273, 37.036171346066354], [25.386947664905318, 37.03572153446535], [25.39360167461367, 36.990094039322344], [25.425535100632814, 36.97130967107579], [25.425981215709438, 36.97101401954327], [25.42639317458147, 36.970672378828446], [25.4267662573786, 36.97028866315669], [25.42709618963913, 36.969867268812], [25.42737919128309, 36.96941302376823]], [[25.804761578096308, 37.10747095821733], [25.805216771448762, 37.10767119855434], [25.805689604296948, 37.107825231922035], [25.806175399431652, 37.10793153463971], [25.806669351422183, 37.10798905517288], [25.80716657415116, 37.1079972245349], [25.83170455145307, 37.10717929195816], [25.83034628021475, 37.13162817424791], [25.789297456228123, 37.12098588654767], [25.801358196708815, 37.1041008498747], [25.803203716988172, 37.10625395686728], [25.803545724711036, 37.10661496642143], [25.80392190173551, 37.10694021713541], [25.80432852696089, 37.107226491665834], [25.804761578096308, 37.10747095821733]], [[26.855742782295188, 37.12168464471122], [26.855402255496838, 37.12133603254187], [26.844923393791174, 37.11160566095804], [26.85185656720115, 37.1035169586464], [26.87946054961151, 37.10948538727567], [26.867941708879638, 37.1309872233085], [26.84046446609407, 37.15846446609407], [26.84012254479213, 37.15884320714792], [26.83982100407842, 37.15925482366916], [26.83956298425778, 37.15969502900164], [26.83935117239984, 37.16015923875965], [26.83918777435534, 37.160642618570606], [26.839074491783947, 37.16114013442121], [26.839012504432848, 37.161646605082645], [26.83900245785062, 37.162156756068896], [26.839044456664364, 37.16266527456633], [26.839138063490097, 37.163166864762374], [26.84404427293286, 37.183609404107216], [26.808408126890132, 37.194639639787106], [26.782217680739127, 37.18191856594233], [26.820166188951287, 37.15086978649602], [26.8205308359718, 37.15054022560584], [26.820861364124646, 37.15017645511489], [26.821154579478858, 37.1497819901786], [26.821407648661285, 37.14936064255631], [26.82161812623577, 37.14891648377778], [26.821783978333684, 37.14845380579956], [26.82190360230743, 37.147977079531344], [26.82197584221701, 37.147490911633014], [26.822, 37.147], [26.822, 37.12576504843704], [26.85129289321881, 37.1299497474683], [26.851778109097644, 37.129995074016215], [26.85226543284193, 37.12999294956978], [26.852750235091587, 37.129943394310324], [26.85322791043963, 37.12984687899088], [26.85369392118148, 37.12970432046431], [26.854143840421155, 37.12951707297358], [26.854573394124834, 37.12928691528704], [26.854978501722282, 37.12901603380095], [26.855355314870458, 37.128707001769634], [26.855700254011083, 37.128362754860746], [26.856010042374855, 37.12798656326768], [26.8562817371093, 37.12758200064424], [26.85651275723459, 37.12715291015643], [26.856700908161688, 37.12670336797415], [26.85684440253999, 37.12623764454935], [26.856941877236356, 37.12576016404861], [26.85699240628427, 37.125275462325554], [26.85699550968012, 37.12478814383221], [26.856951157943023, 37.12430283787879], [26.856859772394863, 37.12382415465722], [26.85672222115794, 37.12335664144646], [26.856539810908185, 37.12290473941527], [26.8563142744623, 37.1224727414331], [26.85604775431679, 37.12206475128977], [26.855742782295188, 37.12168464471122]], [[26.571484827312513, 37.35197338889512], [26.571994349635332, 37.351999996807336], [26.572503930794493, 37.351974540557116], [26.573008264603352, 37.35189728521628], [26.59726039141481, 37.34690420028451], [26.595088100503887, 37.351559109379345], [26.567619527408304, 37.36895587233989], [26.54055064736196, 37.368135603247566], [26.534156779070738, 37.30237010082358], [26.548747946729645, 37.281770805305115], [26.56059630449461, 37.28069368187194], [26.544303675381045, 37.32528403523538], [26.54415527336919, 37.32576362470394], [26.544055711863408, 37.32625567828033], [26.544005994560035, 37.32675523548949], [26.544006622667585, 37.32725726021095], [26.544057589854003, 37.32775669144885], [26.54415838231049, 37.32824849435266], [26.54430798393129, 37.32872771097437], [26.54450488655724, 37.32918951025043], [26.544747105179773, 37.32962923670446], [26.545032197952107, 37.33004245737994], [26.545357290805935, 37.33042500652955], [26.545719106425373, 37.33077302761082], [26.568719106425373, 37.35077302761082], [26.569120698936988, 37.35108774086612], [26.569552273147398, 37.35135988913335], [26.570009335143776, 37.351586638576364], [26.570487125613084, 37.35176562808971], [26.570980669400015, 37.351894993884365], [26.571484827312513, 37.35197338889512]], [[26.125663463372078, 37.56042047470147], [26.126180895831194, 37.56065734473955], [26.126721892512005, 37.56083388469547], [26.127279445478443, 37.560947807714676], [26.22907725959213, 37.57577273210016], [26.31556096224647, 37.637687201045885], [26.349990745912297, 37.67932321850224], [26.28251859477244, 37.67016033377954], [26.19927835554436, 37.6275492589366], [26.198802260027932, 37.627336111194325], [26.198306548792598, 37.627173725012746], [26.19779661713765, 37.62706386779593], [26.197278015136803, 37.627007735225], [26.19675638723143, 37.62700593824437], [26.07588795863155, 37.63290195915169], [25.984746739729964, 37.546608677425716], [25.98166819922331, 37.52121071824583], [26.05667444191877, 37.523954849076155], [26.125663463372078, 37.56042047470147]], [[27.04525387589052, 37.7228216268267], [27.044851261000606, 37.72311600171039], [27.044479976734003, 37.72344902320384], [27.0441437174482, 37.723817377672304], [27.043845828994673, 37.724217399910415], [27.043589275426946, 37.72464510961175], [27.043376609507625, 37.72509625097373], [27.029376609507626, 37.759096250973734], [27.029209989654596, 37.75956619356574], [27.02909100323848, 37.76005039440008], [27.029020833499295, 37.76054403842456], [27.02900017822799, 37.76104221668078], [27.029029242827363, 37.76153997512045], [27.029107738269495, 37.762032363870084], [27.02923488396991, 37.762514486454144], [27.029409415549985, 37.76298154848724], [27.02962959741033, 37.76342890535103], [27.02989323999018, 37.76385210838184], [27.03019772154108, 37.76424694910968], [27.030540014198436, 37.7646095011086], [27.030916714091582, 37.764936159042385], [27.03132407519299, 37.7652236745172], [27.031758046570012, 37.765469188384685], [27.032214312668668, 37.76567025917426], [27.047905876733545, 37.77166997484612], [26.99333041051999, 37.77904503784795], [26.992855302387667, 37.77913279676032], [26.992390882496775, 37.779266001598984], [26.991941487216902, 37.7794434086071], [26.99151131263023, 37.77966336130447], [26.991104375351963, 37.77992380595436], [26.990724475026507, 37.78022231073962], [26.990375158849517, 37.78055608846894], [26.990059688447115, 37.780922022601416], [26.98978100942152, 37.78131669634616], [26.989541723847438, 37.78173642456554], [26.98934406597605, 37.782177288183874], [26.989189881373402, 37.78263517078063], [26.989080609688042, 37.783105797026046], [26.989017271208777, 37.78358477260073], [26.98845892960172, 37.790284871885405], [26.95263543871631, 37.78506061279795], [26.970450216824293, 37.750279379349024], [26.97065120483932, 37.74983474617936], [26.970807895739885, 37.749372639265935], [26.970918797234205, 37.748897459619585], [26.97098285311935, 37.74841373275313], [26.97099945334029, 37.74792606558137], [26.970968439799957, 37.747439102545734], [26.970890107864903, 37.74695748138164], [26.9707652035523, 37.746485788949606], [26.970594916425036, 37.74602851755093], [26.970380868262538, 37.74559002214402], [26.970125097615316, 37.74517447886858], [26.969830040390196, 37.744785845272936], [26.969498506651266, 37.74442782262324], [26.969133653857394, 37.744103820653244], [26.968738956791253, 37.74381692509083], [26.968318174466198, 37.7435698682701], [26.967875314326207, 37.743365003109176], [26.96741459407981, 37.74320428070156], [26.96694040153149, 37.74308923173428], [26.966457252793173, 37.743020951909934], [26.96596974927367, 37.743000091511476], [26.965482533855837, 37.74302684920904], [26.965000246678713, 37.743100970167816], [26.96452748094578, 37.74322174847512], [26.964068739180256, 37.74338803386329], [26.80535540490663, 37.80984924259037], [26.659842238826656, 37.788218907091995], [26.5857971308031, 37.73885550174296], [26.601389651235262, 37.683415429095284], [26.70640594224688, 37.718739090617376], [26.706856386991724, 37.71886745819574], [26.70731686711012, 37.7189531131074], [26.707783341820818, 37.71899530371783], [26.708251717739135, 37.718993659798166], [26.708717884797004, 37.71894819577404], [26.709177752309433, 37.71885931059901], [26.709627284870884, 37.71872778425364], [26.71006253776654, 37.71855477090111], [26.76306253776654, 37.69455477090111], [26.76348168866899, 37.69434064757268], [26.763878848208524, 37.69408805980781], [26.764250496975283, 37.69379924590066], [26.764593341621875, 37.693476765161535], [26.764904344047213, 37.69312347523777], [26.79940312423743, 37.650000000000006], [26.867237759171555, 37.650000000000006], [26.906864952973944, 37.68189505842631], [26.90723730340672, 37.68216743416666], [26.907633173602612, 37.68240433114157], [26.90804919338581, 37.68260373256761], [26.908481821040308, 37.682763940873514], [26.99948182104031, 37.71176394087352], [26.9999788803468, 37.71189462099185], [27.00048672860943, 37.71197358547525], [27.001, 37.712], [27.056827118232956, 37.712], [27.058871577496593, 37.72324452595], [27.048584206237837, 37.72203424697838], [27.04808657861584, 37.722000749641865], [27.047588089518186, 37.7220169959106], [27.04709369901751, 37.722082824130744], [27.04660832640453, 37.72219757929751], [27.04613680124007, 37.72236011957255], [27.045683815299892, 37.72256882764553], [27.04525387589052, 37.7228216268267]], [[26.11953451277222, 38.492349870426764], [26.11996916033481, 38.49256899225807], [26.12042305480508, 38.49274481230948], [26.120891894482053, 38.492875664278955], [26.140332421546685, 38.49729396588456], [26.15791269338761, 38.541244645486856], [26.131589543765045, 38.56038875430327], [26.111609941025577, 38.53954047318382], [26.111263269133786, 38.53921171878545], [26.110886802177895, 38.53891755303945], [26.11048397746467, 38.538660661806794], [26.11005847295865, 38.53844339061598], [26.109614173700727, 38.53826772324733], [26.109155136336042, 38.53813526362018], [26.10868555207505, 38.538047221148446], [26.108209708425942, 38.538004399698124], [26.107731950047853, 38.53800719024765], [26.107256639082216, 38.53805556731809], [26.106788115324523, 38.538149089205795], [26.106330656600118, 38.53828690201531], [26.105888439705783, 38.538467747455854], [26.105465502273777, 38.53868997433003], [26.105065705906487, 38.53895155360999], [26.104692700918342, 38.53925009696333], [26.10434989300684, 38.53958287855959], [26.06135728992646, 38.58550679548637], [26.015710055590844, 38.59691860407026], [25.8524310522201, 38.57540879524298], [25.838368725029596, 38.54376855906435], [25.847292027019606, 38.51789098329333], [25.892627589111008, 38.47834293976678], [25.945812231305773, 38.45766002335771], [25.94624896123332, 38.4574656660613], [25.94666513495457, 38.457230491185896], [25.947056948512063, 38.45695664830312], [25.947420820607825, 38.456646640422235], [25.947753425337535, 38.45630330111185], [25.94805172259035, 38.45592976860022], [25.948312985836452, 38.455529457090876], [25.94853482704838, 38.45510602555571], [25.948715218528342, 38.45466334429087], [25.94885251144202, 38.45420545954103], [25.948945450889408, 38.453736556515445], [25.955631783743694, 38.408842607350955], [25.991896035660947, 38.38307590204133], [25.992274871227757, 38.3827782560053], [25.992623301639156, 38.38244553119731], [25.99293809193412, 38.38208081676158], [25.993216319479306, 38.38168749884622], [25.993455401103905, 38.38126922916501], [25.99365311708279, 38.380829891093434], [25.993807631745295, 38.38037356361398], [25.993917510518266, 38.37990448344525], [25.99398173324521, 38.37942700570673], [25.99698173324521, 38.344427005706734], [25.996999740990297, 38.343949107663], [25.996972008941096, 38.34347167520439], [25.9968987908024, 38.342999076089654], [25.99678075640543, 38.34253563386001], [25.996618985579925, 38.34208558828554], [25.996414958275405, 38.34165305657792], [25.996170541021947, 38.341241995724396], [25.995887969854365, 38.34085616628755], [25.995569829855985, 38.34049909800204], [25.99521903150919, 38.34017405748307], [25.99483878406907, 38.33988401834198], [25.994432566203763, 38.339631633982336], [25.994004094170098, 38.33941921332549], [25.97999257840995, 38.33328917518043], [25.968714951667913, 38.30133589941132], [25.968519707420004, 38.30086171918646], [25.968276921779534, 38.3004100308705], [25.967989148532926, 38.29998558563196], [25.967659414677193, 38.299592848077886], [25.967291188579917, 38.29923594929213], [25.96688834349656, 38.29891864338168], [25.966455116828897, 38.29864426798844], [25.96599606555311, 38.2984157091816], [25.965516018286383, 38.29823537109993], [25.87990843296651, 38.270996593952695], [25.873226695641897, 38.25161955571132], [25.88958477260073, 38.252982728791224], [25.89007074370316, 38.252999499507794], [25.890556045713996, 38.25296898512414], [25.891036088662943, 38.25289147424429], [25.891506332319743, 38.252767699963556], [25.891962329135513, 38.252598832934986], [25.892399766307523, 38.25238647029732], [25.892814506569533, 38.25213262056933], [25.893202627321923, 38.25183968465331], [25.893560457731514, 38.25151043312742], [25.893884613450187, 38.25114798004165], [25.894172028623917, 38.25075575346524], [25.89441998488955, 38.25033746306413], [25.894626137084956, 38.24989706501502], [25.894788535429523, 38.24943872458803], [25.894905643965107, 38.24896677675169], [25.894976355083067, 38.24848568517296], [25.895, 38.248], [25.895, 38.22772015325445], [25.90856326057217, 38.231789131426105], [25.9090382275074, 38.23190662752534], [25.90952240433458, 38.231977137970794], [25.91001115459728, 38.23199998755748], [25.910499798044036, 38.23197495747873], [25.910983655446252, 38.231902287421505], [25.9114580934063, 38.23178267327114], [25.911918568726705, 38.23161726044759], [25.912360671915643, 38.23140763293692], [25.912780169412027, 38.231155798123154], [25.9131730441259, 38.230864167565606], [25.913535533905932, 38.23053553390593], [25.96770090756738, 38.17637016024448], [26.0080369688383, 38.16292480648751], [26.03589936522849, 38.202860907980124], [26.036183428334922, 38.203230136332316], [26.03650062255413, 38.203571324332984], [26.036848194368464, 38.20388151017789], [26.037223126556714, 38.20415800118807], [26.03762216438618, 38.20439839718462], [26.038041843866527, 38.20460061132427], [26.038478521820213, 38.20476288821499], [26.10598505219343, 38.22632747430643], [26.09715668066978, 38.260758123248664], [26.097061659534187, 38.26121718875602], [26.097010050392825, 38.26168313580535], [26.097002306931657, 38.26215186834642], [26.097038497221952, 38.26261926584228], [26.097118303121878, 38.263081219492115], [26.09724102307323, 38.263533668350874], [26.097405578268695, 38.2639726350283], [26.09761052213543, 38.264394260653404], [26.10961052213543, 38.2863942606534], [26.109874826737606, 38.28682541068788], [26.110181331412605, 38.287227657079], [26.110526900651013, 38.28759688489002], [26.11090799931719, 38.28792931696068], [26.11132072881332, 38.288221552547135], [26.111760866961642, 38.28847060211118], [26.11222391119688, 38.28867391790294], [26.158206870609224, 38.30614744247963], [26.13411222456563, 38.4179466001219], [26.1340298034734, 38.41845488855545], [26.134000096358715, 38.41896895844901], [26.134023418295676, 38.41948335756972], [26.134099521931475, 38.419992630192915], [26.134227600109824, 38.42049137496568], [26.148102152838366, 38.46488994369701], [26.119256717792567, 38.48381976044581], [26.118863247050452, 38.48410631524985], [26.118499504304825, 38.48442977173166], [26.11816893686034, 38.48478706439219], [26.117874677608878, 38.48517480705627], [26.11761951533812, 38.485589324964444], [26.11740586830134, 38.48602668959984], [26.11723576129885, 38.48648275591994], [26.11711080648834, 38.48695320164045], [26.117032188105934, 38.487433568198995], [26.117000651242826, 38.48791930301027], [26.117016494783808, 38.488405802612355], [26.11707956857465, 38.488888456295165], [26.11718927484515, 38.489362689797595], [26.1173445738744, 38.48982400865927], [26.11754399384455, 38.4902680408159], [26.11778564478968, 38.49069057803478], [26.118067236507606, 38.49108761579749], [26.118386100264853, 38.49145539125199], [26.118739214089082, 38.491790418874366], [26.11912323140927, 38.492089523502244], [26.11953451277222, 38.492349870426764]], [[25.565912956545038, 38.56392890149454], [25.56597819157552, 38.563466485409634], [25.566, 38.563], [25.566, 38.54], [25.60164324348909, 38.54], [25.617092805489523, 38.577765596001065], [25.58746363550547, 38.60652331980912], [25.533549591525126, 38.59427012799541], [25.564333974297348, 38.56672620656763], [25.56466707675143, 38.566398903955566], [25.564968189938956, 38.56604195144741], [25.56523468713824, 38.565658462871895], [25.56546424359567, 38.56525178354167], [25.565654856805377, 38.56482546107092], [25.565804863977846, 38.56438321442821], [25.565912956545038, 38.56392890149454]], [[26.531986800256895, 39.08263692535498], [26.53192910584892, 39.082161003259756], [26.524406646241907, 39.03796655306858], [26.54109227669797, 39.02378376718092], [26.593802904011394, 39.01742213974655], [26.606270305174363, 39.04817506261521], [26.527084445762508, 39.14789058928199], [26.526790981466124, 39.14830108114581], [26.52654038600053, 39.148739061483425], [26.52633521167917, 39.14920006946749], [26.526177548201392, 39.1496794097342], [26.526069001368857, 39.15017220020556], [26.526010676730458, 39.1506734218133], [26.526003168322323, 39.1511779696181], [26.526046552617544, 39.1516807048033], [26.526140387747308, 39.1521765070138], [26.52628371800134, 39.15266032650678], [26.526475083561778, 39.15312723558337], [26.526712535371438, 39.15357247877714], [26.533318921974345, 39.16458312311532], [26.379125740937173, 39.272908712324984], [26.37874538895775, 39.273204277807366], [26.378395243229445, 39.273535071627705], [26.37807855347693, 39.27389802366762], [26.377798258917835, 39.27428976534624], [26.37755696098372, 39.274706660884256], [26.377356899175982, 39.27514484104778], [26.377199930280923, 39.27560023905899], [26.377087511136793, 39.2760686283401], [26.37702068511279, 39.27654566174055], [26.37700007242547, 39.27702691188314], [26.377025864382492, 39.27750791225485], [26.377097821607066, 39.27798419866076], [26.377215276259637, 39.278451350656596], [26.37737713823614, 39.27890503257511], [26.377581905285325, 39.2793410337657], [26.37782767695124, 39.27975530767371], [26.40954940575891, 39.32779106843961], [26.353003666163602, 39.352415826005306], [26.352565258385322, 39.352632846090444], [26.35215015586588, 39.35289166841513], [26.351762331951594, 39.35318981554143], [26.35140549887898, 39.3535244336158], [26.35108307224132, 39.35389231968612], [26.35079813829475, 39.354289952360205], [26.35055342441672, 39.35471352551246], [26.350351272999635, 39.355158984715956], [26.350193619029564, 39.35562206605128], [26.350081971564613, 39.35609833692062], [26.350017399290287, 39.3565832384764], [26.350000520290063, 39.357072129258434], [26.350031496129123, 39.35756032962181], [26.350110030307853, 39.35804316653028], [26.350235371099934, 39.35851601828638], [26.355162092554266, 39.373999999999995], [26.16890991728708, 39.373999999999995], [26.167999173758567, 39.32390910593166], [26.167964031889966, 39.323401345345445], [26.16787745157844, 39.32289978815678], [26.167740329989147, 39.32240963161689], [26.167554088007606, 39.32193595484085], [26.167320655516168, 39.32148366617663], [26.167042451396124, 39.32105745234364], [26.166722358462714, 39.32066172986787], [26.16636369359271, 39.320300599316866], [26.165970173354186, 39.31997780280865], [26.16554587549458, 39.319696685235066], [26.165095196686135, 39.31946015960122], [26.164622806966577, 39.31927067684026], [26.062622806966576, 39.284270676840265], [26.06213549753509, 39.28413064220376], [26.061636511547103, 39.284040680182684], [26.06113098017896, 39.28400171587515], [26.060624101914488, 39.284014149959205], [26.06012108908794, 39.28407785457258], [26.05962711428446, 39.28419217462754], [26.059147257149334, 39.284355934547264], [26.058686452152937, 39.28456745035456], [26.05824943784855, 39.28482454698853], [26.05784070814484, 39.285124580671216], [26.057464466094068, 39.28546446609407], [26.047678547258567, 39.29525038492957], [26.037096159602598, 39.28013268827819], [26.036790060804666, 39.27973879790615], [26.03644623633284, 39.27937736903091], [26.036068108562272, 39.2790519992591], [26.035659441317787, 39.27876592727067], [26.035224302409375, 39.278522000581546], [26.034767023141836, 39.27832264719994], [26.034292155201648, 39.2781698514583], [26.033804425350198, 39.27806513426161], [26.033308688374323, 39.27800953794849], [25.93630868837432, 39.27200953794849], [25.935824026416057, 39.27200309762976], [25.935341018177933, 39.2720436159392], [25.93486420275289, 39.27213071210407], [25.934398061036607, 39.27226356763401], [25.93394697361808, 39.272440934012856], [25.93351517961283, 39.272661144431595], [25.93310673682559, 39.272922129452326], [25.932725483616924, 39.27322143645588], [25.93237500283203, 39.273556252690426], [25.916249346101427, 39.29053062819632], [25.862784001863943, 39.255501609557975], [25.84880671838884, 39.23001362204456], [25.857370499115177, 39.225402355499604], [25.85778018479265, 39.22515578783369], [25.85816444423803, 39.22487121333232], [25.85851976319937, 39.22455123457692], [25.858842892100455, 39.224198777939186], [25.859130875759863, 39.22381706681791], [25.85938108041765, 39.223409592159285], [25.859591217822427, 39.22298008053044], [25.859759366158624, 39.222532460038025], [25.859883987622485, 39.22207082440363], [25.85996394248608, 39.2215993955246], [25.8599984995207, 39.22112248486257], [25.859987342684345, 39.22064445401294], [25.85993057401207, 39.22016967481579], [25.859828712682823, 39.21970248937317], [25.859682690271306, 39.21924717033828], [25.85949384222822, 39.218807881839886], [25.841435111367012, 39.18178748357442], [25.89113724871456, 39.1495731352936], [26.06365973175611, 39.096337626240775], [26.094029547297527, 39.11014208785051], [26.183352313979302, 39.2054197056444], [26.183704441164448, 39.20576022498813], [26.184088198724925, 39.20606465414697], [26.184499903402063, 39.20633007124664], [26.184935603704133, 39.206553928845906], [26.185391117832303, 39.206734078386596], [26.185862073817034, 39.20686879081519], [26.186343951479717, 39.206956773178085], [26.186832125816796, 39.2069971810312], [26.18732191138999, 39.20698962654484], [26.28032191138999, 39.20098962654484], [26.280821897794137, 39.20093198580857], [26.281313556438594, 39.20082437244444], [26.281791905663756, 39.20066787682916], [26.28225209866576, 39.200464084631776], [26.28268947260605, 39.20021506074705], [26.283099595856875, 39.19992332837321], [26.283478312904126, 39.19959184344606], [26.28382178645249, 39.19922396468833], [26.28412653630625, 39.198823419577955], [26.297126536306248, 39.17982341957796], [26.29738470334455, 39.179402993254314], [26.297600179417962, 39.17895917057005], [26.297770866578055, 39.178496272733966], [26.297895102956513, 39.17801880667701], [26.297971678945657, 39.17753142117131], [26.29799984897557, 39.17703886156812], [26.297979338773256, 39.17654592359548], [26.297910348033025, 39.17605740666533], [26.297793548472217, 39.17557806714487], [26.29763007729113, 39.1751125720469], [26.297421526100855, 39.174665453590215], [26.297169925426793, 39.17424106507236], [26.29687772493879, 39.173843538484455], [26.29654776960029, 39.17347674428075], [26.29618327196884, 39.173144253694495], [26.295787780917497, 39.17284930396728], [26.228787780917497, 39.12784930396728], [26.22837915943398, 39.127602318748735], [26.227948842565464, 39.127395435671524], [26.227500754340742, 39.12723054128765], [26.22703898084434, 39.127109139257236], [26.226567732955804, 39.12703233663672], [26.193256010235274, 39.123225282611514], [26.16347710713758, 39.094406989291166], [26.16312476394443, 39.094096687267], [26.162744868698663, 39.09382080201149], [26.16234077105932, 39.09358176609403], [26.16191603408576, 39.093381687171465], [26.161474402821025, 39.09322232940426], [26.16101977127056, 39.09310509790131], [26.09956601484326, 39.080302231978955], [26.167939019747628, 39.02683103583579], [26.276497518595104, 39.01597518595105], [26.276965506854058, 39.01590589405866], [26.277424851340413, 39.0157926817814], [26.42430753733798, 38.97212485621455], [26.542, 38.99221869130319], [26.542, 39.00671161733921], [26.433731900648272, 39.10021588496115], [26.433379542833624, 39.100551480041176], [26.43306147510553, 39.100919736755465], [26.432780709948165, 39.101317167269755], [26.43253990654547, 39.101740007438764], [26.43234134559547, 39.102184252457214], [26.432186907709333, 39.10264569479013], [26.4320780555997, 39.103119964023264], [26.432015820227054, 39.10360256825623], [26.43200079103528, 39.10408893664611], [26.4320331103689, 39.104574462698906], [26.432112472124935, 39.1050545478986], [26.43223812465204, 39.105524645260545], [26.43240887786957, 39.10598030239697], [26.432623114539048, 39.10641720368643], [26.432878805581385, 39.10683121114789], [26.433173529294685, 39.10721840363245], [26.43350449429069, 39.10757511396128], [26.43386856593257, 39.10789796365829], [26.434262296023725, 39.10818389494828], [26.43468195546634, 39.10843019971784], [26.435123569580426, 39.10863454516436], [26.43558295574886, 39.10879499589054], [26.43605576303175, 39.1089100322349], [26.48805576303175, 39.1189100322349], [26.48853643806217, 39.118978464655875], [26.489021484138274, 39.118999953842966], [26.48950632763487, 39.11897429716906], [26.489986396836937, 39.118901736557596], [26.49045716504751, 39.11878295620138], [26.490914193271088, 39.11861907611118], [26.491353172070067, 39.118411641554864], [26.49176996219955, 39.118162608486635], [26.49216063363736, 39.117874325103855], [26.53016063363736, 39.08687432510386], [26.53051715355213, 39.08655381919781], [26.530841339502565, 39.086200642252116], [26.531130211176098, 39.08581804109992], [26.53138111291205, 39.08540953307756], [26.53159173811571, 39.08497887368893], [26.531760150463363, 39.08453002208028], [26.53188480170335, 39.084067104642926], [26.531964545889466, 39.083594377078455], [26.531998649915913, 39.08311618527508], [26.531986800256895, 39.08263692535498]], [[25.57589947452065, 40.50982098659814], [25.456177964535772, 40.47989060910192], [25.56805430849897, 40.405306379793124], [25.67913623644185, 40.42733124481629], [25.686237879264002, 40.44952387863552], [25.686398250579682, 40.44995548006193], [25.686597644500388, 40.450370499115174], [25.69183392050079, 40.46009501168734], [25.669370257206783, 40.482558674981355], [25.57589947452065, 40.50982098659814]]], [[[23.15674766238895, 41.311006371486584], [23.0, 41.31892713102219], [23.0, 41.7], [26.074097584955297, 41.7], [26.05349457725228, 41.686608044993044], [26.059504763006686, 41.65226412639644], [26.11735294117647, 41.62141176470588], [26.11775194755197, 41.621174540055044], [26.11812723416251, 41.62090133393762], [26.118475566313382, 41.620594501189494], [26.1187939416375, 41.62025668648341], [26.119079615973604, 41.619890801533806], [26.11933012701892, 41.6195], [26.11954331555238, 41.619087650303925], [26.119717344045544, 41.618657306596845], [26.119850712500725, 41.61821267812518], [26.135420162500953, 41.55593487812428], [26.166, 41.533], [26.166369894212604, 41.53269375323971], [26.166708703333885, 41.532353433998345], [26.167013302069154, 41.53198218150047], [26.16728088069238, 41.5315834203099], [26.167508970964082, 41.53116082874034], [26.16769546889924, 41.530718304925294], [26.16783865417521, 41.5302599308603], [26.16793720600056, 41.529789934749225], [26.16799021529854, 41.52931265200176], [26.167997193092717, 41.52883248524208], [26.16795807501745, 41.528353863697546], [26.16787322191165, 41.527881202341874], [26.167743416490254, 41.52741886116992], [26.151506854804268, 41.478709176111956], [26.180188052984192, 41.434731338902736], [26.180443074709242, 41.434293269964066], [26.180652432205193, 41.433831631670415], [26.180813973775464, 41.43335116856429], [26.18092603915734, 41.432856818662444], [26.18098747658553, 41.43235366270482], [26.180997654629543, 41.431846871936656], [26.180956468683327, 41.43134165496039], [26.180864342040344, 41.43084320420362], [26.18072222154313, 41.43035664255331], [26.18053156785201, 41.42988697070475], [26.180294340432987, 41.429439015766235], [26.18001297741909, 41.429017381647974], [26.12501297741909, 41.35501738164797], [26.12469062651626, 41.35462668176457], [26.12433040144405, 41.35427059975043], [26.123935998925855, 41.353952789811814], [26.123511466422922, 41.35367651339698], [26.12306116059823, 41.35344460572636], [26.122589702607293, 41.35325944669681], [26.122101930674656, 41.353122936458455], [25.88310193067466, 41.29912293645846], [25.882607676919573, 41.29903706450159], [25.882107306026892, 41.29900115159096], [25.88160585494553, 41.2990155592414], [25.88110837149804, 41.29908014241929], [25.880619863567073, 41.299194251002554], [25.880145248683856, 41.29935673632504], [25.879689304526224, 41.29956596273951], [25.810575611768222, 41.33558295755706], [25.68159198916188, 41.29226021408622], [25.68113980981916, 41.29213164980962], [25.680677554788733, 41.29204612076164], [25.680209310311355, 41.29200438300171], [25.67973921557326, 41.29200680548318], [25.67927142611662, 41.2920533667918], [25.55235308919861, 41.310746765252595], [25.508027609162415, 41.2770208565294], [25.50764844203708, 41.27675903846089], [25.507246782603538, 41.276533237421525], [25.506826042017344, 41.27634537106195], [25.50638979348373, 41.276197034866605], [25.505941741911595, 41.27608948860382], [25.286941741911598, 41.23408948860382], [25.286503261102443, 41.23402539164729], [25.286060827200686, 41.23400037000852], [25.285617915504087, 41.234014620231314], [25.285178005063475, 41.23406803038084], [25.219178005063473, 41.24506803038084], [25.21866422642632, 41.24518173174679], [25.218165242629652, 41.24534879957517], [25.217686580347916, 41.245567383446165], [25.217233541177315, 41.24583506235552], [25.21681114291607, 41.24614887152924], [25.216424063987994, 41.24650533526099], [25.173909966684427, 41.290008132501846], [25.100019671153497, 41.33237190193959], [24.885511842908418, 41.395929776975166], [24.807191041068386, 41.38838078402673], [24.7989069632743, 41.34603994196807], [24.79879352783348, 41.345577997570444], [24.798636709005073, 41.34512892287645], [24.79843792606362, 41.34469678219575], [24.79819897807605, 41.34428548657826], [24.79792202761939, 41.343898758417545], [24.797609581208548, 41.343540097761654], [24.797264466611345, 41.343212750636226], [24.796889807256047, 41.34291967966663], [24.796488993963063, 41.342663537265025], [24.796065654256644, 41.34244664162491], [24.79562361953429, 41.342270955740545], [24.795166890391044, 41.34213806964105], [24.794699600412464, 41.342049185999976], [24.794225978763997, 41.34200510925062], [24.793750311915282, 41.342006238305615], [24.773750311915283, 41.34300623830561], [24.773225950413153, 41.34306027862758], [24.772710192482744, 41.34316922402005], [24.772208770780505, 41.34333186355349], [24.771727258615492, 41.343546389487265], [24.771271008002, 41.34381041736269], [24.770845090171818, 41.34412101250633], [24.696672120432247, 41.40444836122785], [24.578701587808904, 41.43617152966438], [24.578237119706323, 41.43632108419929], [24.577789441076607, 41.436515200199985], [24.577362815560484, 41.4367520289276], [24.576961306291196, 41.43702931485206], [24.57658873719769, 41.43734441713354], [24.576248656585943, 41.43769433477348], [24.575944303345306, 41.438075735195795], [24.575678576101673, 41.43848498598593], [24.575454005611313, 41.438918189485555], [24.52704515568653, 41.544627310749874], [24.50903243216379, 41.556635793098366], [24.461655805331247, 41.54548835149071], [24.44269970036698, 41.52463663603002], [24.442372145082018, 41.52430830153644], [24.442015576399726, 41.52401172982643], [24.441633062180056, 41.52374947255556], [24.441227893514217, 41.52352378614348], [24.440803556408653, 41.52333661236001], [24.440363701792005, 41.52318956161847], [24.43991211410309, 41.52308389911994], [24.439452678730213, 41.52302053396766], [24.296452678730212, 41.51002053396766], [24.295960626828748, 41.510000155027065], [24.295468956894887, 41.51002828065751], [24.294982438724357, 41.510104638006204], [24.29450579213454, 41.51022848631409], [24.294043641176476, 41.510398624102116], [24.293600469275972, 41.51061340082701], [24.29318057573892, 41.5108707328936], [24.29278803404279, 41.51116812386817], [24.29242665231898, 41.511502688696936], [24.292099936409286, 41.511871181694566], [24.291811055854993, 41.512270028031274], [24.291562813148467, 41.51269535841299], [24.29135761654557, 41.51314304661823], [24.282139266948082, 41.53618892061196], [24.23317096447091, 41.556515385791165], [24.18575742904727, 41.53327345666193], [24.174507615287343, 41.50983634466208], [24.17427010261189, 41.509398803413056], [24.17399025535078, 41.50898705090724], [24.173670847961425, 41.508605169334984], [24.173315047107657, 41.50825694474072], [24.172926380264823, 41.50794582948735], [24.172508700747766, 41.50767490802894], [24.17206614950833, 41.50744686633084], [24.171603114081208, 41.50726396524056], [24.17112418508511, 41.50712801807327], [24.170634110710527, 41.50704037263428], [24.17013774964529, 41.50700189785666], [24.169640022904634, 41.50701297518646], [24.169145865043365, 41.50707349480099], [24.168660175233747, 41.50718285669761], [24.168187768694228, 41.50733997664229], [24.11530840392023, 41.527904174054406], [24.052371337064194, 41.52151925422843], [24.05698432696288, 41.46339558150499], [24.056999443340608, 41.4629253924665], [24.056970303398664, 41.46245586387251], [24.056897165091083, 41.461991152107274], [24.056780675856416, 41.46153537091525], [24.056621866886424, 41.46109255498528], [24.056422143997725, 41.46066662423443], [24.056183275187163, 41.46026134910796], [24.055907374981036, 41.45988031720241], [24.055596885716795, 41.45952690150725], [24.05525455592287, 41.4592042305464], [24.054883415987995, 41.45891516068368], [24.037883415987995, 41.44691516068368], [24.037469966060737, 41.4466526712042], [24.037032820112046, 41.44643188853112], [24.03657617197273, 41.44625493077897], [24.036104402571045, 41.446123495620725], [24.035622037903533, 41.44603884400099], [24.035133705614147, 41.446001788038835], [24.03464409059819, 41.44601268323668], [24.034157890057006, 41.44607142506967], [24.03367976843463, 41.44617744998846], [24.03321431266867, 41.446329740825746], [24.0012905783468, 41.45853587453705], [23.9522709372372, 41.43354546926549], [23.951808122345593, 41.43333838079812], [23.951326713934705, 41.43317922930068], [23.95083166248623, 41.433069651380585], [23.95032805877772, 41.43301077386378], [23.949821081532445, 41.43300320220722], [23.949315944164866, 41.433047014272745], [23.948817841169376, 41.433141759526414], [23.948331894703596, 41.4332864636715], [23.947863101915534, 41.43347963866748], [23.89518969354701, 41.45837979535077], [23.85443683079632, 41.435634011489924], [23.854030628052016, 41.43543091368932], [23.853607672676144, 41.43526551073859], [23.853171454040176, 41.435139167208], [23.852725570937142, 41.43505292542858], [23.77963723882848, 41.42433330338598], [23.757863631272627, 41.3978263028832], [23.757524529860834, 41.39745349619201], [23.75714962280707, 41.39711671837576], [23.75674271878605, 41.39681939075485], [23.75630795152915, 41.39656453387578], [23.75584973782992, 41.39635473682548], [23.75537273267393, 41.39619213092879], [23.75488178194886, 41.39607836809639], [23.75438187321521, 41.39601460404306], [23.753878085037726, 41.39600148654679], [23.673192669101574, 41.397969423520834], [23.61435294117647, 41.36658823529412], [23.613926030534962, 41.36638584716569], [23.6134819232412, 41.36622465671316], [23.613024584527587, 41.3661061031329], [23.612558097763873, 41.36603124493601], [23.612086627998593, 41.36600075049734], [23.611614384771244, 41.3660148920879], [23.611145584527208, 41.36607354344383], [23.610684412971036, 41.36617618089382], [23.51228037775423, 41.39301364504386], [23.415796224282904, 41.39498270940041], [23.327644660695803, 41.364278232195915], [23.327171353865253, 41.36413914306708], [23.32668664436673, 41.364047372463666], [23.326195250656067, 41.364003813736325], [23.325701956257262, 41.36400889091209], [23.325211563196763, 41.36406255456665], [23.324728845257635, 41.364164282305495], [23.32425850150866, 41.3643130838492], [23.323805110560766, 41.36450751067341], [23.323373085996035, 41.36474567010967], [23.32296663340325, 41.36502524376977], [23.286986815422683, 41.39248352591284], [23.22745327324612, 41.37480950557917], [23.204432924230826, 41.330687169966524], [23.204174612864623, 41.33024816289898], [23.20387297703761, 41.329837714613426], [23.203531147150134, 41.329460084774446], [23.203152670739666, 41.329119192454236], [23.20274147566418, 41.32881857546012], [23.20230182933852, 41.328561353618916], [23.201838294446855, 41.32835019639913], [23.158838294446856, 41.31135019639913], [23.158332430781947, 41.31118080626958], [23.157811399201307, 41.31106627611878], [23.157281130942202, 41.311007909717034], [23.15674766238895, 41.311006371486584]]], [[[26.38892556999861, 41.7], [26.6, 41.7], [26.6, 41.50285323213892], [26.590209907331264, 41.53556646861738], [26.590093658445618, 41.53603676973068], [26.590023469694057, 41.53651611353187], [26.59, 41.537], [26.59, 41.59902115670605], [26.57970767889562, 41.58764543338015], [26.57935049490166, 41.58728864123077], [26.578959151802245, 41.586969687281204], [26.578537639434874, 41.58669182334408], [26.578090255220022, 41.58645788230941], [26.577621560347914, 41.58627024926259], [26.57713633327607, 41.58613083716788], [26.57663952101178, 41.5860410673653], [26.576136188676184, 41.58600185507969], [26.57563146786411, 41.586013600089764], [26.57513050432625, 41.58607618265232], [26.574638405506974, 41.586188964723], [26.574160188472696, 41.58635079646133], [26.573700728761693, 41.58656002795362], [26.46170072876169, 41.64456002795362], [26.461265834401097, 41.644813791873574], [26.460858667676675, 41.64511000883877], [26.4604833577351, 41.64544567486283], [26.460143710658027, 41.64581738589977], [26.45984317086395, 41.64622137236505], [26.459584786177807, 41.646653537363534], [26.45937117692243, 41.647109498236816], [26.459204509345444, 41.647584631008506], [26.459086473650956, 41.64807411727673], [26.459018266858923, 41.648572993078375], [26.459000580665972, 41.6490761992295], [26.45903359443078, 41.64957863263133], [26.45911697335517, 41.65007519802171], [26.45924987187935, 41.65056085964694], [26.459430942256898, 41.651030692330266], [26.469200042828952, 41.673011168617386], [26.38892556999861, 41.7]]], [[[20.700124009997527, 40.212172891664565], [20.7, 40.212008764418435], [20.7, 40.85], [21.027525983864237, 40.85], [20.970196972523595, 40.84447748055893], [20.971995479203414, 40.80221257358313], [20.971991806969786, 40.801713882582895], [20.971938475002656, 40.80121803794968], [20.97183601386165, 40.80072997246883], [20.97168544285561, 40.80025454153678], [20.971488259902237, 40.79979647485833], [20.971246426626443, 40.799360329394375], [20.950182329642903, 40.765474608159984], [21.038793755504376, 40.66225690331036], [21.03908976733041, 40.66187642194107], [21.03934776246681, 40.6614692026106], [21.03956534270355, 40.661039030651835], [21.039740485509842, 40.66058990475531], [21.03987156283471, 40.66012599979907], [21.03995735624062, 40.65965162804082], [21.039997068229578, 40.6591711990331], [21.039990329656288, 40.658689178634], [21.039937203159585, 40.658210047494464], [21.023937203159583, 40.55821004749446], [21.02383570539739, 40.55772879847795], [21.02368741688329, 40.55725984972999], [21.023493772471262, 40.55680773884391], [21.02325664588331, 40.55637684048825], [21.02297833157917, 40.55597132407706], [21.022661522554905, 40.55559511342628], [21.022309284285186, 40.555251848786426], [21.021925025061496, 40.55494485161928], [20.961922251015483, 40.511664162143475], [20.941472135955, 40.4707639320225], [20.94121421344525, 40.470309199926064], [20.940910220260605, 40.46988388422655], [20.940563479719017, 40.46949263456535], [20.9401777824616, 40.46913972816673], [20.939757345012552, 40.46882902307825], [20.93930676368321, 40.468563915993826], [20.914306763683207, 40.45556391599383], [20.91388902234094, 40.455370572973315], [20.913455270449834, 40.455216467004625], [20.91300918430619, 40.455102904224326], [20.912554544746172, 40.45503084714217], [20.912095205101064, 40.4550009064833], [20.911635058538064, 40.45501333601199], [20.911178005063473, 40.45506803038084], [20.841907934336565, 40.46661304216866], [20.81274294090087, 40.43368482377352], [20.81241527138866, 40.43334816192284], [20.812057450697946, 40.43304373974192], [20.8116726377916, 40.43277424477342], [20.81126422992896, 40.43254205621067], [20.810835832673682, 40.43234922389334], [20.775942677625377, 40.41857561005848], [20.77499928197027, 40.362915266407285], [20.77496665621278, 40.36242352271158], [20.774885779131456, 40.361937379522765], [20.774757436451353, 40.361461559747234], [20.7745828750283, 40.36100068599891], [20.774363790735617, 40.360559235690246], [20.741363790735615, 40.30155923569025], [20.741120664138474, 40.30116801711554], [20.740842567522577, 40.30080083216533], [20.74053186095503, 40.30046079695492], [20.740191181247308, 40.30015079719334], [20.73982341957796, 40.29987346369375], [20.703876041397987, 40.27527788914956], [20.700994340688624, 40.214762174252925], [20.700951212467555, 40.21430322521491], [20.70086600007673, 40.21385019860268], [20.70073942780191, 40.21340694503846], [20.70057257147839, 40.212977232075836], [20.700366849346626, 40.21256471217638], [20.700124009997527, 40.212172891664565]]]]}}]}